title,author,date,views,likes,link
Why Broken Hearts Hurt — and What Heals Them,Yoram Yovell,June 2024,19397,1006,https://www.youtube.com/watch?v=9m2wP2cArrY
An Optimist’s Take on Reskilling in the Age of AI,Sagar Goel,June 2024,27303,677,https://www.youtube.com/watch?v=qC1QlUr5mCE
12 Predictions for the Future of Technology,Vinod Khosla,June 2024,69695,1835,https://www.youtube.com/watch?v=Pj9QnO9rZkE
How to Use Venture Capital for Good,Freada Kapor Klein,June 2024,22039,441,https://www.youtube.com/watch?v=nCmlX23tmHg
A Snack’s Journey from the Farm to Your Mouth,Aruna Rangachar Pohl,June 2024,23651,509,https://www.youtube.com/watch?v=SFpCQRZOxVE
Your Right to Repair AI Systems,Rumman Chowdhury,June 2024,36094,855,https://www.youtube.com/watch?v=PxE0TWcT-kA
The Difference Between False Empathy and True Support,Chezare A. Warren,June 2024,48094,1526,https://www.youtube.com/watch?v=OAzp-7yY0FQ
How to Imagine a Better Future for Democracy,adrienne maree brown and Baratunde Thurston,June 2024,20248,394,https://www.youtube.com/watch?v=0Mi0miIN6tA
My Quest to Cure Prion Disease — Before It’s Too Late,Sonia Vallabh,June 2024,74968,2253,https://www.youtube.com/watch?v=04PmEJaYKd0
Why the World Needs More Builders — and Less “Us vs. Them”,Daniel Lubetzky,May 2024,47514,1291,https://www.youtube.com/watch?v=QTau-xHsz80
"Courage, the Most Important Virtue",Bari Weiss,May 2024,48935,1333,https://www.youtube.com/watch?v=AW3klebbNYY
The Problem With Being “Too Nice” at Work,Tessa West,May 2024,196197,3621,https://www.youtube.com/watch?v=HrCbXNRP7eg
Are We Celebrating the Wrong Leaders?,Martin Gutmann,May 2024,122542,3913,https://www.youtube.com/watch?v=b0Z9IpTVfUg
The Science of Lifespan — and the Impact of Your Five Senses,Christi Gendron,May 2024,66524,1414,https://www.youtube.com/watch?v=58rMMTJUp_U
"With AI, Anyone Can Be a Coder Now",Thomas Dohmke,May 2024,187571,5493,https://www.youtube.com/watch?v=nv9WwHpOKEg
The Good News You Might Have Missed,Angus Hervey,May 2024,80340,3309,https://www.youtube.com/watch?v=DWZh9l8xUtY
How to Fight for Democracy in the Shadow of Autocracy,Fatma Karume,May 2024,28133,766,https://www.youtube.com/watch?v=zUKB7PcAB0I
The Luminous Mystery of Fireflies,Wan Faridah Akmal Jusoh,May 2024,40124,1551,https://www.youtube.com/watch?v=kSnvSXDN3Dk
How Fantasy Worlds Can Spark Real Change,Annalee Newitz,May 2024,23268,710,https://www.youtube.com/watch?v=v4Y0FzwVMR8
1 Simple Question That Could Improve Women’s Health,Meryam Sugulle,May 2024,46486,805,https://www.youtube.com/watch?v=D1m1SQIdMkk
"With Spatial Intelligence, AI Will Understand the Real World",Fei-Fei Li,May 2024,382262,9028,https://www.youtube.com/watch?v=y8NtMZ7VGmU
The US Has a Teacher Shortage — Here’s How To Fix It,Randy Seriguchi Jr.,May 2024,43424,1088,https://www.youtube.com/watch?v=SjCrlJyFBiI
An Activist Investor on Challenging the Status Quo,Bill Ackman,May 2024,70012,1505,https://www.youtube.com/watch?v=bkCpQk_K_jg
How Aerosols Brighten Clouds — and Cool the Planet,Sarah J. Doherty,May 2024,12643,211,https://www.youtube.com/watch?v=pOdIn86ZM1E
The Workers Rebuilding Communities After Natural Disasters,Saket Soni,May 2024,20039,433,https://www.youtube.com/watch?v=wtCogf-htV0
How Far Away Is a Ceasefire? An Update on Gaza and the Rafah Invasion | Ian Bremmer,Unknown,May 2024,31840,531,https://www.youtube.com/watch?v=a_yYWpiC3t0
Welcome to the World of Audio Computers,Jason Rugolo,May 2024,142303,4594,https://www.youtube.com/watch?v=L61Kbo3y218
Why US Politics Is Broken — and How To Fix It,Andrew Yang,May 2024,483443,24173,https://www.youtube.com/watch?v=1Ws3w_ZOmhI
A Climate Solution? The Wisdom Passed Down Through Generations,Louise Mabulo,May 2024,40395,931,https://www.youtube.com/watch?v=SCWFVd_FiAU
Is Your Partner “The One?” Wrong Question,George Blair-West,May 2024,97620,2508,https://www.youtube.com/watch?v=p_9eJ3uSP00
How the US Is Destroying Young People’s Future,Scott Galloway,May 2024,4646919,259533,https://www.youtube.com/watch?v=qEJ4hkpQW8E
How to Govern AI — Even If It’s Hard to Predict,Helen Toner,May 2024,56487,1474,https://www.youtube.com/watch?v=LUn8IjZKBPg
My Epic Journey Becoming the Fastest Person to Paddle around Australia,Bonnie Hancock,April 2024,24823,526,https://www.youtube.com/watch?v=T4Rvj_bBxiA
An Updated Action Plan for Solving the Climate Crisis,Ryan Panchadsaram and Anjali Grover,April 2024,25123,590,https://www.youtube.com/watch?v=9_O7qXqrMfE
How AI Is Unlocking the Secrets of Nature and the Universe,Demis Hassabis,April 2024,306914,6978,https://www.youtube.com/watch?v=0_M_syPuFos
How to Live With Fire,Oral McGuire,April 2024,32597,561,https://www.youtube.com/watch?v=gHvXr6NuqYQ
"What TED Will Look Like in 40 Years — According to Sora, OpenAI’s Unreleased Text-to-Video Model",Unknown,April 2024,44638,779,https://www.youtube.com/watch?v=UXlPKKg4Md0
The Secret Ingredient of Business Success,Pete Stavros,April 2024,57169,1700,https://www.youtube.com/watch?v=wpysFja4zyQ
The Art of Persuasive Storytelling,Kelly D. Parker,April 2024,65807,1831,https://www.youtube.com/watch?v=Oo2upU6ny-I
The Weird and Wonderful Art of Niceaunties | TED,Unknown,April 2024,39125,829,https://www.youtube.com/watch?v=hwSNbMW6XGY
How to Be an Active Citizen and Spark Change,Gabriel Marmentini,April 2024,32709,843,https://www.youtube.com/watch?v=sgFq4ty8wSI
What Is an AI Anyway?,Mustafa Suleyman,April 2024,1087208,23087,https://www.youtube.com/watch?v=KKNCiRWd_j0
Can Cannabis Help You Sleep? Here’s the Science,Jen Walsh,April 2024,124272,2427,https://www.youtube.com/watch?v=8efxcrjdffg
How AI Will Step Off the Screen and into the Real World,Daniela Rus,April 2024,253991,6488,https://www.youtube.com/watch?v=QOCZYRXL0AQ
What You Can Do to Stop Economic Crime,Hanjo Seibert,April 2024,43143,1031,https://www.youtube.com/watch?v=54AYOd5S7uo
"A Palestinian and an Israeli, Face to Face",Aziz Abu Sarah and Maoz Inon,April 2024,897005,24094,https://www.youtube.com/watch?v=0juLRi90kRg
Why You Should Disappoint Your Parents,Desiree Akhavan,April 2024,72003,2477,https://www.youtube.com/watch?v=hn5gytOCVgE
"A Futuristic Vision for Latin America, Rooted in Ancient Design",Catalina Lotero,April 2024,27176,870,https://www.youtube.com/watch?v=b_boPcOY-FA
"Music, Movement and Poetry",Tunde Olaniran,April 2024,22420,359,https://www.youtube.com/watch?v=4o-S4VIg8Ys
Can AI Catch Criminals at Sea?,Dyhia Belhabib,April 2024,42113,929,https://www.youtube.com/watch?v=Xj_VDOZjds8
A New National Park to Reclaim Indigenous Land,Tracie Revis,April 2024,25097,587,https://www.youtube.com/watch?v=Gdi7uN-DQYo
Ideas Change Everything — and What’s Next for TED,Chris Anderson and Monique Ruff-Bell,April 2024,26010,531,https://www.youtube.com/watch?v=_uUskajC1Ps
Want to Succeed in Business? Find a Problem to Solve,Anthony Tan and Amane Dannouni,April 2024,51464,1160,https://www.youtube.com/watch?v=Im_ghczQEPw
Your Invitation to Help Build a Sustainable Future,Jim Snabe,April 2024,40407,860,https://www.youtube.com/watch?v=9TFi9Zo4FJc
How to Spot a Cult,Sarah Edmondson,April 2024,236123,7358,https://www.youtube.com/watch?v=fa7uN2vo6rc
What Happens to Sex in Midlife? A Look at the “Bedroom Gap”,Maria Sophocles,April 2024,254709,2562,https://www.youtube.com/watch?v=alYBnyxMuPk
I'm Terrified of Wanting to Be a Billionaire,Pardis Parker,April 2024,24909,496,https://www.youtube.com/watch?v=x4Yhi7ggins
The Human Cost of Coal Mining in China,"Xiaojun ""Tom"" Wang",April 2024,22506,536,https://www.youtube.com/watch?v=7ZVu5N4gOgY
A Comedian’s Take on How to Save Democracy,Jordan Klepper,April 2024,522228,21930,https://www.youtube.com/watch?v=bUmHABnk9FY
How to Live With Economic Doomsaying,Philipp Carlsson-Szlezak,April 2024,47805,856,https://www.youtube.com/watch?v=RKEsIkJRuW4
Let Your Garden Grow Wild,Rebecca McMackin,March 2024,400132,15966,https://www.youtube.com/watch?v=qxgE0q1_m6U
Why Don’t We Have Better Robots Yet?,Ken Goldberg,March 2024,180813,4836,https://www.youtube.com/watch?v=cUdl-Cp-LWw
"Invisible AI, a Personal Time Machine and More: A Celebration of Creativity from the TED Conference",Unknown,March 2024,28143,550,https://www.youtube.com/watch?v=JNG3wwLqRok
3 Steps to Better Connect With Your Fellow Humans,Amber Cabral,March 2024,47982,1400,https://www.youtube.com/watch?v=dxA6D4dJWn8
How Business Leaders Can Renew Democracy,Daniella Ballou-Aares,March 2024,27565,540,https://www.youtube.com/watch?v=wXODvu8UfXc
"How to Choose Clothes for Longevity, Not the Landfill",Diarra Bousso,March 2024,39364,1036,https://www.youtube.com/watch?v=LbZC0DjnhGs
AI and the Paradox of Self-Replacing Workers,Madison Mohns,March 2024,60799,1318,https://www.youtube.com/watch?v=DbQjrA9VPjY
"Dear Fellow Refugees, Here’s How I Found Resilience",Chantale Zuzi Leader,March 2024,16805,414,https://www.youtube.com/watch?v=akNqFXCVPwU
How a Sanctuary for Self-Expression Can Change Lives,Lindsay Morris and Reed J. Williams,March 2024,11121,197,https://www.youtube.com/watch?v=spwXNUFHhAg
The Unsung Heroes Fighting Malnutrition,Shruthi Baskaran-Makanju,March 2024,13591,292,https://www.youtube.com/watch?v=Y8tqH6MnJUU
5 Lessons on Happiness — from Pop Fame to Poisonous Snakes,Mike Posner,March 2024,78295,2682,https://www.youtube.com/watch?v=8qojNkkvzSQ
The Miracle of Organ Donation — and a Breakthrough for the Future,Abbas Ardehali,March 2024,30560,855,https://www.youtube.com/watch?v=Q69o7mr-0S4
The 5 Tenets of Turning Pain Into Power,Christine Schuler Deschryver,March 2024,15412,349,https://www.youtube.com/watch?v=syxEMoU8KWg
Meet Mini-Grids — the Clean Energy Solution Bringing Power to Millions,Tombo Banda,March 2024,37179,973,https://www.youtube.com/watch?v=ngk7VVyveu8
A Path to Social Safety for Migrant Workers,Ashif Shaikh,March 2024,29918,484,https://www.youtube.com/watch?v=FzhI2D_kaCY
3 Mysteries of the Universe — and a New Force That Might Explain Them,Alex Keshavarzi,March 2024,196821,3811,https://www.youtube.com/watch?v=5z_krRwSyt8
"When You Inform Women, You Transform Lives",Paige Alexander,March 2024,18085,307,https://www.youtube.com/watch?v=P7slA-LkA3s
How to Find Creativity and Purpose in the Face of Adversity,Suleika Jaouad,March 2024,28871,642,https://www.youtube.com/watch?v=QIr_eNVtJ58
How to Close the Authority Gap,Mary Ann Sieghart,March 2024,35115,921,https://www.youtube.com/watch?v=zJcYAqNfgtA
How to Lead With Radical Candor,Kim Scott,March 2024,47350,1100,https://www.youtube.com/watch?v=vmxHUiiHgNk
"How to Bridge Political Divides, from Two Friends on Opposing Sides",Samar Ali & Clint Brewer,March 2024,28223,558,https://www.youtube.com/watch?v=xZT8cNQCq2s
The Billion-Dollar Problem in Education,Tanishia Lavette Williams,March 2024,41600,1001,https://www.youtube.com/watch?v=WXosPmTQq4o
"How Business Can Improve the World, Not Just the Bottom Line",Esha Chhabra,March 2024,45008,1141,https://www.youtube.com/watch?v=DL8_WHr9COs
How Sci-Fi Informs Our Climate Future — and What to Do Next,Zainab Usman,March 2024,27756,654,https://www.youtube.com/watch?v=TkpyR9VBwTs
How AI and Democracy Can Fix Each Other,Divya Siddarth,March 2024,27172,656,https://www.youtube.com/watch?v=H6MVJm9ElMA
A Meditation on Rumi and the Power of Poetry,Leili Anvar,March 2024,41924,1189,https://www.youtube.com/watch?v=iyabl4dlxbY
What’s the Point of Digital Fashion?,Karinna Grant,March 2024,50331,916,https://www.youtube.com/watch?v=g2pVB9Ci5pI
How Clicking a Single Link Can Cost Millions,Ryan Pullen,February 2024,40152,833,https://www.youtube.com/watch?v=kFDaG9pAA1w
How Poop Turns Into Forests,Ludmila Rattis,February 2024,26537,676,https://www.youtube.com/watch?v=IGi948nVqlU
Can Nanoparticles Help Fight Hunger?,Christy L. Haynes,February 2024,28457,710,https://www.youtube.com/watch?v=IIT29JDuMXs
TED Is 40 — Here’s How It All Started,Chris Anderson and Richard Saul Wurman,February 2024,29150,581,https://www.youtube.com/watch?v=MjpO66YdP2s
How to Design for Dignity During Times of War,Slava Balbek,February 2024,50412,1271,https://www.youtube.com/watch?v=qaE194b_Dk8
Is Climate Change Slowing Down the Ocean?,Susan Lozier,February 2024,120631,3253,https://www.youtube.com/watch?v=n6ql90yGWt0
"The Herds, a Vast Act of Theater to Spark Climate Action",Amir Nizar Zuabi,February 2024,21690,410,https://www.youtube.com/watch?v=30a4OlkenNU
What the World Can Learn From Ukraine’s Fight for Democracy,Olesya Khromeychuk,February 2024,44177,1465,https://www.youtube.com/watch?v=mJy_wVSKwwA
“Atalanta”,The Merian Ensemble,February 2024,26639,429,https://www.youtube.com/watch?v=EwWlzzns5q8
"An Israeli and a Palestinian Talk Peace, Dignity and Safety",Ali Abu Awwad and Ami Dar,February 2024,90812,1180,https://www.youtube.com/watch?v=5knT5m2Kmrc
True Love — and the Myth of “Happily Ever After”,Francesca Hogi,February 2024,64189,1891,https://www.youtube.com/watch?v=Fh5zMqbHC0U
Life’s an Obstacle Course — Here’s How To Navigate It,Maryam Banikarim,February 2024,42215,860,https://www.youtube.com/watch?v=d2om_PGtwWY
The Climate Solutions Worth Funding — Now,Jonathan Foley,February 2024,45364,1138,https://www.youtube.com/watch?v=JJPfmH5r99k
6 Tips on Being a Successful Entrepreneur,John Mullins,February 2024,705227,14843,https://www.youtube.com/watch?v=eHJnEHyyN1Y
What Makes Someone Vote Against Their Political Party?,Sarah Longwell,February 2024,33114,914,https://www.youtube.com/watch?v=hMutHPLkUYM
"Wild, Intricate Sculptures — Made Out of My Hair",Laetitia Ky,February 2024,41043,1109,https://www.youtube.com/watch?v=5VMqDfuU8QM
How Babies Think About Danger,Shari Liu,February 2024,44520,903,https://www.youtube.com/watch?v=6djPLVa9aQ4
Lessons from the Past on Adapting to Climate Change,Laprisha Berry Daniels,February 2024,47081,842,https://www.youtube.com/watch?v=nfRxGGl6wOU
Leadership in the Age of AI,Paul Hudson and Lindsay Levin,February 2024,81976,1402,https://www.youtube.com/watch?v=CWEWBgVwFc8
"A Reframing of Masculinity, Rooted in Empathy",Gary Barker,February 2024,32317,1318,https://www.youtube.com/watch?v=coAopEn8Fn4
What If a Simple Blood Test Could Detect Cancer?,Hani Goodarzi,January 2024,46724,1099,https://www.youtube.com/watch?v=A3WrAEm3PXU
"""Universe"" / ""Statues"" / ""Liberation""",Buzz,January 2024,37898,555,https://www.youtube.com/watch?v=p9-39oGccqc
Can a Simple Brick Be the Next Great Battery?,John O'Donnell,January 2024,218626,5512,https://www.youtube.com/watch?v=X6Wgd4v_yW8
Advice for Leaders on Creating a Culture of Belonging,Melonie D. Parker,January 2024,37927,629,https://www.youtube.com/watch?v=OuVqGrko56s
Your Creative Superpowers Can Help Protect Democracy,Sofia Ongele,January 2024,31783,870,https://www.youtube.com/watch?v=LPW5Zx3ntZo
How Film Changes the Way We See the World,Ava DuVernay,January 2024,59865,1278,https://www.youtube.com/watch?v=9C7jAAxWnqA
Do Gut Microbes Control Your Personality?,Kathleen McAuliffe,January 2024,475446,16074,https://www.youtube.com/watch?v=UjGMiChiUFc
Fight for Justice — Even if You Don’t Live To See It,Golriz Lucina,January 2024,58191,1377,https://www.youtube.com/watch?v=BiuCP0QFg5k
What If Advertising Was Honest?,Sylvester Chauke,January 2024,63512,1777,https://www.youtube.com/watch?v=icQS5_mOx7U
The Beauty of Wildlife — and an Artistic Call to Protect It,Isabella Kirkland,January 2024,31576,910,https://www.youtube.com/watch?v=2tOWLPm4ov4
Let Curiosity Lead,Yara Shahidi,January 2024,200009,11448,https://www.youtube.com/watch?v=5xBpkc7-w3A
Could AI Give You X-Ray Vision?,Tara Boroushaki,January 2024,41543,1029,https://www.youtube.com/watch?v=MA-uwhr50FU
Enough Red Tape – We Need To Say Yes to Clean Energy,Rich Powell,January 2024,34176,889,https://www.youtube.com/watch?v=ku1ht_ZAU-w
What Happens When We Deny People Abortions?,Diana Greene Foster,January 2024,60999,1728,https://www.youtube.com/watch?v=L-FTI14OVrg
How to Build Democracy — in an Authoritarian Country,Tessza Udvarhelyi,January 2024,39052,1282,https://www.youtube.com/watch?v=-QkDwqktaVk
Is Alternative Meat the Recipe for a Healthier Planet?,Tao Zhang,January 2024,42800,793,https://www.youtube.com/watch?v=647itg-A_aw
The US vs. Itself — and Other Top Global Risks in 2024,Ian Bremmer,January 2024,343619,5819,https://www.youtube.com/watch?v=CpaWSRLCx44
It's Time for Infectious Generosity. Here's How,Chris Anderson,January 2024,129580,1924,https://www.youtube.com/watch?v=I1ouTj1BQec
How AI Can Help You Turn an Idea Into the Next Great App,Amjad Masad,January 2024,89251,2482,https://www.youtube.com/watch?v=kCudFI4tcpg
Don't Be a Jerk to Your Barista — and Other Thoughts on Frontline Work,Adriann Negreros,January 2024,26601,632,https://www.youtube.com/watch?v=WaE2IlpO4vQ
The Vital Data You Flush Down the Toilet,Newsha Ghaeli,January 2024,59889,1357,https://www.youtube.com/watch?v=XqRMV8ICMiM
What’s Your Leadership Language?,Rosita Najmi,January 2024,72593,1433,https://www.youtube.com/watch?v=3DdSiJB8Bo0
Life Is Hard. Art Helps,Liana Finck,January 2024,87633,3632,https://www.youtube.com/watch?v=HYkMo0hi-Yw
Why You Should Embrace Mediocrity,Crispin Thurlow,January 2024,85187,2966,https://www.youtube.com/watch?v=AxxMiihvKgg
"""Hey Look Ma, I Made It"" / ""Believer""",Detroit Youth Choir,December 2023,40300,737,https://www.youtube.com/watch?v=SR5BYiwJZfw
What Happens As We Die?,Kathryn Mannix,December 2023,585924,14424,https://www.youtube.com/watch?v=v9f6twy70iM
"When AI Can Fake Reality, Who Can You Trust?",Sam Gregory,December 2023,125442,2880,https://www.youtube.com/watch?v=Hnjr7o-HNx8
How to Build a Global Pro-Democracy Movement,Yordanos Eyoel,December 2023,42416,961,https://www.youtube.com/watch?v=qjGmzBp2fFk
Why Businesses Need a Dreamer’s Magic and a Doer’s Realism,Beth Viner,December 2023,86888,1730,https://www.youtube.com/watch?v=x92AnU6MUr0
My Mission to Change the Narrative of Mental Health,Glenn Close,December 2023,47882,1219,https://www.youtube.com/watch?v=G5UT0K_NEig
Time Is Running Out on Climate Change. The Metaverse Could Help,Cedrik Neike,December 2023,40959,837,https://www.youtube.com/watch?v=870tYRNh86o
Why AI Will Spark Exponential Economic Growth,Cathie Wood,December 2023,417109,8401,https://www.youtube.com/watch?v=rQEh7d-qa38
How Acts of Kindness Sparked a Global Movement,Asha Curran,December 2023,142103,3404,https://www.youtube.com/watch?v=YdTKcdyIYkA
AI’s Single Point of Failure,Rob Toews,December 2023,220746,6208,https://www.youtube.com/watch?v=AJGrdtKT3LM
How Stress Drains Your Brain — and What To Do About It,Nicole Byers,December 2023,176132,4593,https://www.youtube.com/watch?v=LrtlmbkvvEs
What Will Happen to Marketing in the Age of AI?,Jessica Apotheker,December 2023,332734,6642,https://www.youtube.com/watch?v=3MwMII8n1qM
TED Explores: A New Climate Vision | TED Countdown,Unknown,December 2023,37467,823,https://www.youtube.com/watch?v=oF7UMeVQxHk
Can AI Catch What Doctors Miss?,Eric Topol,December 2023,141127,4110,https://www.youtube.com/watch?v=ll5LY7wI_Xc
How to Stop the Next Pandemic? Stop Deforestation,Neil Vora,December 2023,33625,856,https://www.youtube.com/watch?v=VFRzeYCk8MI
The Transformative Potential of AGI — and When It Might Arrive,Shane Legg and Chris Anderson,December 2023,201443,4190,https://www.youtube.com/watch?v=kMUdrUP-QCs
How to Find Humor in Life's Absurdity,Maira Kalman,December 2023,54664,2021,https://www.youtube.com/watch?v=o8Hg5TtT-OQ
A Playbook for Financing Climate Solutions,Nili Gilbert and David Blood,December 2023,21763,386,https://www.youtube.com/watch?v=2ohQatXCS2Y
Democracy Works — We Just Need Better Leaders,Lindiwe Mazibuko,December 2023,32718,791,https://www.youtube.com/watch?v=TiyBdAvnLCw
The Science Behind How Sickness Shapes Your Mood,Keely Muscatell,December 2023,85177,2020,https://www.youtube.com/watch?v=zIXuLsXwsWs
"How to Harness Abundant, Clean Energy for 10 Billion People",Julio Friedmann,December 2023,105448,2666,https://www.youtube.com/watch?v=bwEIqjU2qgk
Can We Hack Photosynthesis to Feed the World?,Steve Long,November 2023,43296,969,https://www.youtube.com/watch?v=s_gjrvhPKt0
Life on the Frontlines of War Reporting,Jane Ferguson,November 2023,42052,865,https://www.youtube.com/watch?v=Wwje8jDjm5Q
The Case for a New Great Migration in the US,Charles M. Blow,November 2023,36062,826,https://www.youtube.com/watch?v=HJtbtEn0-uk
"Meet Methane, the Invisible Climate Villain",Marcelo Mena,November 2023,28005,584,https://www.youtube.com/watch?v=HWj54Wt7uY4
Why You Shouldn’t Trust Boredom,Kevin H. Gary,November 2023,87021,2513,https://www.youtube.com/watch?v=k_Xr0oGW_h4
A Crash Course in Making Political Change,Katie Fahey,November 2023,61633,1342,https://www.youtube.com/watch?v=oIAQcvewgTg
When Biden Met Xi (and What's Going On with the US and China),Ian Bremmer,November 2023,305113,3849,https://www.youtube.com/watch?v=fojPLOE150c
"The Exciting, Perilous Journey Toward AGI",Ilya Sutskever,November 2023,728178,17499,https://www.youtube.com/watch?v=SEkGLj0bwAU
The Secret Perks of Driving Electric,Cynthia Williams,November 2023,27982,589,https://www.youtube.com/watch?v=BJtmffAQdlo
The Real Gold of Our Economy Is in Our Hands,Salvatore Cali,November 2023,40185,858,https://www.youtube.com/watch?v=xyaf_GmVNzo
Are You Really As Good at Something As You Think?,Robin Kramer,November 2023,92862,1762,https://www.youtube.com/watch?v=3Z1wAag8z54
Why You Should Ditch Deadly Fossil-Fuel Appliances,Donnel Baird,November 2023,27075,545,https://www.youtube.com/watch?v=jN-Atdqqpgw
An Alternative to the “Midlife Crisis”,Chip Conley,November 2023,59540,1377,https://www.youtube.com/watch?v=iYDVJTPwGHE
The Unexpected Way Spirituality Connects to Climate Change,Gopal D. Patel,November 2023,34224,706,https://www.youtube.com/watch?v=neipUPkQZBA
Returning to School Mid-Career? Here’s What You Need To Know,Candice Neveu,November 2023,37515,867,https://www.youtube.com/watch?v=T8jz74FTUNU
It’s Time To Rethink the Role of First Lady,Irina Karamanos Adrian,November 2023,71888,1749,https://www.youtube.com/watch?v=D2o7e4_IVbs
The Dark Side of Competition in AI,Liv Boeree,November 2023,144651,4905,https://www.youtube.com/watch?v=WX_vN1QYgmE
Photographing Nature Beyond the Limits of Human Perception,Doris Mitsch,November 2023,75546,2751,https://www.youtube.com/watch?v=tWIMlXFk0bs
Is Technology Our Savior — or Our Slayer?,Ruha Benjamin,November 2023,58639,1542,https://www.youtube.com/watch?v=QO3nY_u6hos
Artificial Skin? We Made It — Here's Why,Anna Maria Coclite,November 2023,35640,849,https://www.youtube.com/watch?v=n3eROozZg10
"AI Is Dangerous, but Not for the Reasons You Think",Sasha Luccioni,November 2023,951914,19556,https://www.youtube.com/watch?v=eXdVDhOGqoE
The Powerful Possibilities of Recycling the World's Batteries,Emma Nehrenheim,November 2023,50365,1263,https://www.youtube.com/watch?v=Rr7iEH3eeQo
How to Keep AI Under Control,Max Tegmark,November 2023,159445,4237,https://www.youtube.com/watch?v=xUNx_PxNHrY
The Power of Unconventional Thinking,David McWilliams,November 2023,151468,3789,https://www.youtube.com/watch?v=hUPrUJ4F_Ro
"How to Think Computationally About AI, the Universe and Everything",Stephen Wolfram,October 2023,399514,10621,https://www.youtube.com/watch?v=fLMZAHyrpyo
How Comedy Helps Us Deal with Hard Truths,Roy Wood Jr.,October 2023,43140,1001,https://www.youtube.com/watch?v=f4m65_6sifs
My Quest to End the Horror of Gun Violence in the US,Lucy McBath,October 2023,25487,467,https://www.youtube.com/watch?v=oQ7x0OJEPNM
A Simple Way to Inspire Your Team,David Burkus,October 2023,70861,1346,https://www.youtube.com/watch?v=CEHKGV9qotM
How to Make Learning as Addictive as Social Media,Luis Von Ahn,October 2023,6544545,332084,https://www.youtube.com/watch?v=P6FORpg0KVo
A Cleaner World Could Start in a Rice Field,Jim Whitaker and Jessica Whitaker Allen,October 2023,32230,623,https://www.youtube.com/watch?v=w7n1oYtMdEY
"Caregiving Is Real Work — Let’s Treat It That Way | The Way We Work, a TED series",Unknown,October 2023,87781,1945,https://www.youtube.com/watch?v=XezfOVE9RFM
The Ordinary People Doing Extraordinary Things in Ukraine,Oleksandra Matviichuk,October 2023,40005,2139,https://www.youtube.com/watch?v=lpCPRE3oSTE
Let’s Reframe Cancel Culture,Sarah Jones,October 2023,45390,1001,https://www.youtube.com/watch?v=H8kr_V3fEGA
The Joy of Learning Random Things on Wikipedia,Annie Rauwerda,October 2023,77367,2331,https://www.youtube.com/watch?v=WCmeOccXRq8
Unions for Climate Action!,Payton M. Wilkins,October 2023,26237,484,https://www.youtube.com/watch?v=HEkmWdapz4c
"How Rest Can Make You Better at Your Job | The Way We Work, a TED series",Unknown,October 2023,128667,3292,https://www.youtube.com/watch?v=rXxUCeRVma4
"What Does ""Wealth"" Mean to You?",Aisha Nyandoro,October 2023,57164,1497,https://www.youtube.com/watch?v=tPlQGy-9hSI
We Actually Have a Shot at Stopping the Climate Crisis,Asmeret Asefaw Berhe,October 2023,35342,741,https://www.youtube.com/watch?v=RB0zvhRZu-0
"""Miles from Any Shoreline""",Sarah Kay,October 2023,43959,1175,https://www.youtube.com/watch?v=NRv7r5aKgOc
Work Has Changed. Why Haven’t Resumes?,Nicos Marcou,October 2023,55926,1357,https://www.youtube.com/watch?v=WMtyJw4NED8
"Lessons from My Father, Alexey Navalny",Dasha Navalnaya,October 2023,479966,21944,https://www.youtube.com/watch?v=l4Lq7gaKW4A
The Tech We Need to Fight Workplace Ageism,Piyachart Phiromswad,October 2023,30606,598,https://www.youtube.com/watch?v=B8dBA3klR0o
3 Practices for Wisdom and Wholeness,Krista Tippett,October 2023,75009,1378,https://www.youtube.com/watch?v=McX2ZovIrCg
"3 Ways to Better Connect with Your Coworkers | The Way We Work, a TED series",Unknown,October 2023,102976,2214,https://www.youtube.com/watch?v=zgtD2Cerots
The Israel-Hamas War — and What It Means for the World,Ian Bremmer,October 2023,1807536,26997,https://www.youtube.com/watch?v=wQmBsbt9blg
How to Fix Fashion and Protect the Planet,Amy Powney,October 2023,38153,955,https://www.youtube.com/watch?v=xnPaaxytfGs
How Business Can Drive Solutions to Social Problems,Carlos Rodríguez-Pastor,October 2023,59134,1135,https://www.youtube.com/watch?v=e1AibqnDvEk
The Encyclopedia of Invisibility — A Home for Lost Stories,Tavares Strachan,October 2023,62448,947,https://www.youtube.com/watch?v=yRWf28j7yVQ
10 Lessons I Learned From Being a Nerd,Jordan Dinwiddie,October 2023,46138,1205,https://www.youtube.com/watch?v=xzSpuLJoEes
The Truth About Human Population Decline,Jennifer D. Sciubba,October 2023,554451,11896,https://www.youtube.com/watch?v=PImDVT8fb-I
"How to Build a Freelance Career That Works for You | The Way We Work, a TED series",Unknown,October 2023,123652,2493,https://www.youtube.com/watch?v=7vtlMRV1sxY
This Country Runs on 98 Percent Renewable Electricity,Ramón Méndez Galain,October 2023,188047,5196,https://www.youtube.com/watch?v=7_3XJhFBvEk
The World’s Rarest Diseases — And How They Impact Everyone,Anna Greka,September 2023,74567,1712,https://www.youtube.com/watch?v=n0J1zCHURsQ
Why I Gave My Teenage Daughter a Vibrator,Robin Buckley,September 2023,111255,3422,https://www.youtube.com/watch?v=h1yJYnCbNHM
CRISPR's Next Advance Is Bigger Than You Think,Jennifer Doudna,September 2023,746934,17413,https://www.youtube.com/watch?v=HANo__Z8K6s
"4 Tips to Future-Proof Your Career | The Way We Work, a TED series",Unknown,September 2023,84044,2725,https://www.youtube.com/watch?v=b7eMnAn_WhI
How I Found Myself — By Impersonating Other People,Melissa Villaseñor,September 2023,180515,5771,https://www.youtube.com/watch?v=JFjv971_NZM
Are We the Last Generation — or the First Sustainable One?,Hannah Ritchie,September 2023,127077,3358,https://www.youtube.com/watch?v=Kl3VVrggKz4
The Simple Solution to Fast Fashion,Josephine Philips,September 2023,107005,3347,https://www.youtube.com/watch?v=Bh8dnw67rE0
"The Secret to Successfully Pitching an Idea | The Way We Work, a TED series",Unknown,September 2023,193504,4986,https://www.youtube.com/watch?v=l0hVIH3EnlQ
Can AI Help Solve the Climate Crisis?,Sims Witherspoon,September 2023,66101,1490,https://www.youtube.com/watch?v=RNhbqQefPSg
How to Supercharge Renewables and Energize the World,Rebecca Collyer,September 2023,29451,505,https://www.youtube.com/watch?v=RX8jJ9dfMuQ
An Economy Powered by Sun and Wind — It’s Almost Here,Kala Constantino,September 2023,25068,549,https://www.youtube.com/watch?v=YOHpH4ZExWQ
How to Solve the World’s Biggest Problems,Natalie Cargill,September 2023,50370,1339,https://www.youtube.com/watch?v=k7P9v9NB7fU
An Extreme Weather Report From America’s Weatherman,Al Roker,September 2023,52943,1655,https://www.youtube.com/watch?v=dz7ccdJ1JfU
Can the US and China Take On Climate Change Together?,Changhua Wu,September 2023,41123,780,https://www.youtube.com/watch?v=07biEb3rCa0
The Single Most Important Parenting Strategy,Becky Kennedy,September 2023,1761080,39961,https://www.youtube.com/watch?v=PHpPtdk9rco
Does More Freedom at Work Mean More Fulfillment?,Sarah Aviram,September 2023,39062,808,https://www.youtube.com/watch?v=cCGoITBH2IU
Birds Aren’t Real? How a Conspiracy Takes Flight,Peter McIndoe,September 2023,1221801,37745,https://www.youtube.com/watch?v=3VEkzweBJPM
"How to Succeed in Your New Job | The Way We Work, a TED series",Unknown,September 2023,117423,3284,https://www.youtube.com/watch?v=WgR6mUSsEig
Our Creative Relationship With AI Is Just Beginning,K Allado-McDowell,September 2023,34593,727,https://www.youtube.com/watch?v=gY5GA_L9NXM
How to Take the BS Out of Business Speak,Bob Wiltfong,September 2023,63045,1324,https://www.youtube.com/watch?v=41fjuqBaUt4
"Why You Should Stop Setting Goals (Yes, Really)",Emmanuel Acho,September 2023,130408,3512,https://www.youtube.com/watch?v=AA4N5ZFefqs
How to Hack Your Brain When You're in Pain,Amy Baxter,September 2023,338476,12249,https://www.youtube.com/watch?v=5SpaXqAQ4Wo
How “Digital Twins” Could Help Us Predict the Future,Karen Willcox,September 2023,112462,2163,https://www.youtube.com/watch?v=r2_VWdjxchY
How Labor Unions Create Worker Power,How to Be a Better Human,September 2023,27594,520,https://www.youtube.com/watch?v=oCgewIIKbSA
The AI-Powered Tools Supercharging Your Imagination,Bilawal Sidhu,September 2023,69616,1632,https://www.youtube.com/watch?v=eZsVDMsBTCQ
Why Rivals Are Working Together to Transform Shipping,Bo Cerup-Simonsen,August 2023,30874,489,https://www.youtube.com/watch?v=mvRoOyY40yI
The First-Ever Cargo Ship Powered By Green Fuel,Morten Bo Christiansen,August 2023,30332,611,https://www.youtube.com/watch?v=MeSJjSJB8hs
"The Dream of Digital Ownership, Powered by the Metaverse",Yat Siu,August 2023,780699,3325,https://www.youtube.com/watch?v=IPvR43dRmRY
"The ""Adjacent Possible"" – and How It Explains Human Innovation",Stuart Kauffman,August 2023,45572,937,https://www.youtube.com/watch?v=nEtATZePGmg
How AI Art Could Enhance Humanity’s Collective Memory,Refik Anadol,August 2023,82663,1861,https://www.youtube.com/watch?v=iz7diOuaTos
What’s It like to Be a Giant Sequoia Tree?,Ersin Han Ersin,August 2023,36327,886,https://www.youtube.com/watch?v=Vue9SlKTaTg
The Molecular Love Story That Could Help Power the World,Olivia Breese,August 2023,54802,936,https://www.youtube.com/watch?v=24wBKuU2rfE
How to Meet Your Child's Difficult Behavior with Compassion,Yvonne Newbold,August 2023,61216,1441,https://www.youtube.com/watch?v=b2tcLJWNTWM
The Climate Crisis Is Expensive – Here’s Who Should Pay for It,Avinash Persaud,August 2023,67177,1303,https://www.youtube.com/watch?v=8MyHLz6Spoc
Why Real Change Is About More Than Just Going Viral,Taylor Cassidy,August 2023,39029,799,https://www.youtube.com/watch?v=nh4N5GBB390
A Mysterious Design That Appears Across Millennia,Terry Moore,August 2023,2476089,49005,https://www.youtube.com/watch?v=XqUOgqlZ8bc
Is the US Headed Towards Another Civil War?,Barbara F. Walter,August 2023,887536,25499,https://www.youtube.com/watch?v=Yilgr2SJ3xQ
"""Say What!"" / ""Nervous""",Tolliver,August 2023,29436,338,https://www.youtube.com/watch?v=Ay92O1lUfqI
"In the Age of AI Art, What Can Originality Look Like?",Eileen Isagon Skyers,August 2023,74066,1471,https://www.youtube.com/watch?v=uA70ZGCC1f4
How Targeted Ads Might Just Save Your Life,Sandersan Onie,August 2023,31187,931,https://www.youtube.com/watch?v=vi1Cun6mnVM
A Case for Color Blindness,Coleman Hughes,August 2023,383310,30882,https://www.youtube.com/watch?v=QxB3b7fxMEA
The Beauty of Building With Mud and Trash,Vinu Daniel,August 2023,92205,3118,https://www.youtube.com/watch?v=EumE_9qkXI8
What the Fossil Fuel Industry Doesn't Want You To Know,Al Gore,August 2023,744959,25058,https://www.youtube.com/watch?v=xgZC6da4mco
The Magic of a Creative Career,Michael Sheen,August 2023,143147,7147,https://www.youtube.com/watch?v=cEG0Tp-iLuo
Climate Action Is on the Cusp of Exponential Growth,Simon Stiell,August 2023,45425,936,https://www.youtube.com/watch?v=kioUmpJQbKM
Why I Built My Own Time Machine,Lucas Rizzotto,August 2023,40779,1327,https://www.youtube.com/watch?v=RkoaaVo_RgU
The Power of an Image — and the Mind behind It,Misan Harriman,August 2023,45665,1201,https://www.youtube.com/watch?v=gyCxZaBboDU
Blindness Isn't a Tragic Binary — It's a Rich Spectrum,Andrew Leland,July 2023,41083,1238,https://www.youtube.com/watch?v=8BkSaau8axA
Can Global Food Companies Make the Shift to Regenerative Agriculture?,Steve Presley,July 2023,38438,559,https://www.youtube.com/watch?v=jxy4j0OndPM
How to Make Sure Materials Get Reused — Again and Again,Garry Cooper,July 2023,40698,932,https://www.youtube.com/watch?v=vvIP7vabO4c
Why Change Is So Scary — and How to Unlock Its Potential,Maya Shankar,July 2023,367212,8422,https://www.youtube.com/watch?v=Tt0arZN6EBM
The Tree-Growing Movement Restoring Africa’s Vital Landscapes,Wanjira Mathai,July 2023,30821,719,https://www.youtube.com/watch?v=0VP-CjYHqJA
The Growing Megafire Crisis — and How to Contain It,George T. Whitesides,July 2023,56804,1074,https://www.youtube.com/watch?v=M66jkJMH3DI
How to Be a Leader for Climate Justice,David Lammy and Justin J. Pearson,July 2023,26745,462,https://www.youtube.com/watch?v=qcmNFKr-Qyk
Is Remote Work Better Than Being in the Office? It's Complicated,Mark Mortensen,July 2023,115276,1712,https://www.youtube.com/watch?v=8cF442d-EdQ
Could an Orca Give a TED Talk?,Karen Bakker,July 2023,111808,3058,https://www.youtube.com/watch?v=FvchLmGiXfY
Why Are We Making Pizza Boxes Out of Endangered Trees?,Nicole Rycroft,July 2023,47646,932,https://www.youtube.com/watch?v=PJkoLzVNAEY
Detroit's Climate Crisis — and How to Build a Resilient Future Everywhere,Anika Goss,July 2023,38492,664,https://www.youtube.com/watch?v=T8qVFOK_rK8
The Renewable Energy Revolution Happening in Ukraine,Maxim Timchenko,July 2023,54755,1315,https://www.youtube.com/watch?v=jLkRvdPliaE
Will Superintelligent AI End the World?,Eliezer Yudkowsky,July 2023,262753,6142,https://www.youtube.com/watch?v=Yd0yQ9yxSYY
"War, AI and the New Global Arms Race",Alexandr Wang,July 2023,182850,4613,https://www.youtube.com/watch?v=EpipswT-LuE
School Is Just the Start. Here's How to Help Girls Succeed for Life,Angeline Murimirwa,July 2023,60906,1511,https://www.youtube.com/watch?v=4IJHuTMLa7E
Why Thinking About Death Helps You Live a Better Life,Alua Arthur,July 2023,173783,6783,https://www.youtube.com/watch?v=IkeuKPZxEhM
How Life on Earth Adapts to You and Me,Shane Campbell-Staton,July 2023,48523,1319,https://www.youtube.com/watch?v=zVL22EELNng
How Your Company Can Gain a Global Talent Advantage,Johann Daniel Harnoss,July 2023,37249,669,https://www.youtube.com/watch?v=U-BHz_UIOfs
How to Unleash Your Inner Maximalist Through Costume,Machine Dazzle,July 2023,28642,450,https://www.youtube.com/watch?v=8eYoUNEkijk
"Why Iranians Are Cutting Their Hair for ""Woman, Life, Freedom""",Sahar Zand,June 2023,58452,1889,https://www.youtube.com/watch?v=sbZWB2nAEAE
A Powerful New Neurotech Tool for Augmenting Your Mind,Conor Russomanno,June 2023,349394,10373,https://www.youtube.com/watch?v=ZkWJem3LY5E
How to Fund Real Change in Your Community,Rebecca Darwent,June 2023,37608,766,https://www.youtube.com/watch?v=WFP9IbXYM1k
"Kung Fu, Star Trek and the Many Paths to Spirituality",Rainn Wilson,June 2023,36965,858,https://www.youtube.com/watch?v=vBSP-wcXCB0
A 3-Step Guide to Believing in Yourself,Sheryl Lee Ralph,June 2023,839533,40867,https://www.youtube.com/watch?v=zy2Zj8yIe6c
Why Are We So Bad at Reporting Good News?,Angus Hervey,June 2023,76820,2305,https://www.youtube.com/watch?v=x5mAqRx62rk
How to Weave a Cultural Legacy Through Storytelling,Cohen Bradley,June 2023,28380,532,https://www.youtube.com/watch?v=pdh3KbiREHM
How to Solve the Education Crisis for Boys and Men,Richard Reeves,June 2023,109316,3583,https://www.youtube.com/watch?v=fXsOlAYvgh0
"Can We Recreate the Voice of a 3,000-Year-Old Mummy?",David M. Howard,June 2023,37644,655,https://www.youtube.com/watch?v=zeVGax3IIwM
"""STILL C U"" / ""Figures""",Jessie Reyez,June 2023,73106,1766,https://www.youtube.com/watch?v=2FFS-RCaXNQ
The Next Global Superpower Isn't Who You Think,Ian Bremmer,June 2023,9393581,146383,https://www.youtube.com/watch?v=uiUPD-z9DTg
Why Is It So Hard to Get Effective Birth Control in the US?,Mark Edwards,June 2023,40823,901,https://www.youtube.com/watch?v=cMOD8LBxaT0
The Natural Building Blocks of Sustainable Architecture,Michael Green,June 2023,85760,3032,https://www.youtube.com/watch?v=KAiWdme6EEM
How to Design a School for the Future,Punya Mishra,June 2023,64834,1475,https://www.youtube.com/watch?v=YYRI164Y-_M
The Outlaws of the Ocean — and How We're Reeling Them In,Tony Long,June 2023,39981,858,https://www.youtube.com/watch?v=VAQMsprq-Ps
"Nature, Art and Magical Blocks of Flying Concrete",Lonneke Gordijn,June 2023,236987,3617,https://www.youtube.com/watch?v=irXSdueKyOs
How Wireless Energy From Space Could Power Everything,Ali Hajimiri,June 2023,238341,6405,https://www.youtube.com/watch?v=RxrB7PDLJ18
The Dinosaur Detectives of Real-Life Jurassic Parks,Martin Lockley,June 2023,34297,854,https://www.youtube.com/watch?v=JSiRpwZbZ7Q
The Poetry of Everyday Language,Julián Delgado Lopera,June 2023,57099,1186,https://www.youtube.com/watch?v=n3WGhXKP8So
5 Steps to Fix Any Problem at Work,Anne Morriss,May 2023,312431,4353,https://www.youtube.com/watch?v=V7pf3oT2_dE
Your Right to Mental Privacy in the Age of Brain-Sensing Tech,Nita Farahany,May 2023,57995,1346,https://www.youtube.com/watch?v=k5jEkTm5GIU
Are Life-Saving Medicines Hiding in the World’s Coldest Places?,Normand Voyer,May 2023,48837,1006,https://www.youtube.com/watch?v=N9qU9XiU9jY
"What Makes a ""Good College"" — and Why It Matters",Cecilia M. Orphan,May 2023,79840,2236,https://www.youtube.com/watch?v=2cKZM8lT-qo
A Foster Care System Where Every Child Has a Loving Home,Sixto Cancel,May 2023,35419,948,https://www.youtube.com/watch?v=ZPz_-wAulMU
Is Someone You Love Suffering in Silence? Here's What To Do,Gus Worland,May 2023,46904,1880,https://www.youtube.com/watch?v=6483lpvZRJ4
"The Timeless, Ancient Language of Art",Wangechi Mutu,May 2023,61270,1590,https://www.youtube.com/watch?v=rAhyvSk9cF0
The Incredible Creativity of Deepfakes — and the Worrying Future of AI,Tom Graham,May 2023,110707,2034,https://www.youtube.com/watch?v=SHSmo72oVao
3 Ways Your Money Can Fight Climate Change,Veronica Chau,May 2023,68245,1125,https://www.youtube.com/watch?v=XbLDeWYBZw4
Lessons from Losing My Mind,Andy Dunn,May 2023,117258,2818,https://www.youtube.com/watch?v=5jnPjkdBlUE
Does Working Hard Really Make You a Good Person?,Azim Shariff,May 2023,407570,9372,https://www.youtube.com/watch?v=z_ca983qJcI
What the World Can Learn From China’s Innovation Playbook,Keyu Jin,May 2023,312551,7585,https://www.youtube.com/watch?v=gub38Cd4E0g
The Urgent Risks of Runaway AI — and What to Do about Them,Gary Marcus,May 2023,205199,3797,https://www.youtube.com/watch?v=JL5OFXeXenA
4 Ways to Have Healthy Conversations About Race,Afrika Afeni Mills,May 2023,52492,872,https://www.youtube.com/watch?v=P5Tq1MK0ad8
"How ""Second Chance"" Laws Could Transform the US Justice System",Sheena Meade,May 2023,32970,843,https://www.youtube.com/watch?v=StzBIF5ahKM
The Disappearing Computer — and a World Where You Can Take AI Everywhere,Imran Chaudhri,May 2023,1914988,39210,https://www.youtube.com/watch?v=gMsQO5u7-NQ
How Poetry Unlocked My Superpowers,Keenan Scott II,May 2023,46446,1246,https://www.youtube.com/watch?v=uDO0POqZEU8
"""Woman, Life, Freedom"" in Iran — and What It Means for the Rest of the World | Golshifteh Farahani",Unknown,May 2023,69393,2213,https://www.youtube.com/watch?v=Nnm1njnBvDA
3 Money Lessons from Infamous Scam Artists,J Mase III,May 2023,61673,1428,https://www.youtube.com/watch?v=gKI0ZA5lSNw
The Story That Shapes Your Relationship with Nature,Damon Gameau,May 2023,54230,1529,https://www.youtube.com/watch?v=nYZSPUi-lgE
"The Rise of the ""Trauma Essay"" in College Applications",Tina Yong,May 2023,973443,36145,https://www.youtube.com/watch?v=MyD0m7JXgjA
How AI Could Save (Not Destroy) Education,Sal Khan,May 2023,1469255,41995,https://www.youtube.com/watch?v=hJP5GqnTrNo
Why AI Is Incredibly Smart and Shockingly Stupid,Yejin Choi,April 2023,388181,9309,https://www.youtube.com/watch?v=SvBR0OGT5VI
How Modern Audiences Can Talk about Aging Art,Margaret Hall,April 2023,26117,448,https://www.youtube.com/watch?v=uH9r3lJmyaM
Pussy Riot's Powerful Message to Vladimir Putin,Nadya Tolokonnikova,April 2023,444980,11095,https://www.youtube.com/watch?v=9HOPw9yM9pc
"Mangroves, Storm Walls and Other Ways to Protect Coasts from Climate Change",Dave Sivaprasad,April 2023,23898,410,https://www.youtube.com/watch?v=9-W8DlzTPzw
"Why Your Life Needs Novelty, No Matter Your Age",Kenneth Chabert,April 2023,64017,1739,https://www.youtube.com/watch?v=qrVHoobmZLw
How to Feng Shui Your Fridge — and Other Happy Climate Hacks,Jiaying Zhao,April 2023,47693,988,https://www.youtube.com/watch?v=lO2A4g9tMJU
TikTok CEO Shou Chew on Its Future — and What Makes Its Algorithm Different | Live at TED2023,Unknown,April 2023,1699149,25842,https://www.youtube.com/watch?v=7zC8-06198g
The Inside Story of ChatGPT’s Astonishing Potential,Greg Brockman,April 2023,1776097,34892,https://www.youtube.com/watch?v=C_78DM8fG6E
"How to Help Employees With Disabilities Thrive | The Way We Work, a TED series",Unknown,April 2023,71849,1317,https://www.youtube.com/watch?v=RoyHvfJowZI
Tom Graham (Metaphysic AI) at TED2023 [Interview Clip],Unknown,April 2023,46036,920,https://www.youtube.com/watch?v=_k-kxGCOI9U
The Dazzling Diversity of African Dance — in 14 Moves,Chinyanta Kabaso,April 2023,68228,1488,https://www.youtube.com/watch?v=wl6DvCBUnfI
What to Do When There's a Polar Bear in Your Backyard,Alysa McCall,April 2023,37738,822,https://www.youtube.com/watch?v=wLszqfNPNBo
Are You an Ethical True Crime Fan? 4 Questions To Ask,Lindsey A. Sherrill,April 2023,38609,668,https://www.youtube.com/watch?v=RIpz9GiEAyc
"4 Ways to Make Hybrid Work Better for Everyone | The Way We Work, a TED series",Unknown,April 2023,67652,1161,https://www.youtube.com/watch?v=40TumEHQk8A
What Will the Dream Car of the Future Be Like?,Alex Koster,April 2023,45749,836,https://www.youtube.com/watch?v=TjNZhdEvVvo
A Faster Way to Get to a Clean Energy Future,Ramez Naam,April 2023,117353,3611,https://www.youtube.com/watch?v=EAU5D8hqIUI
Why Autism Is Often Missed in Women and Girls,Kate Kahle,April 2023,69947,2426,https://www.youtube.com/watch?v=UI6kObHls-4
"5 Steps to Building a Personal Brand You Feel Good About | The Way We Work, a TED series",Unknown,April 2023,265415,6902,https://www.youtube.com/watch?v=ozMCb0wOnMU
"How to Get Inside the ""Brain"" of AI",Alona Fyshe,April 2023,58976,1547,https://www.youtube.com/watch?v=OIcQOfN1qak
Why All Dogs Are Good Dogs,Alexandra Horowitz,March 2023,68293,1845,https://www.youtube.com/watch?v=8HgUHW8IoMc
[Trailer] TED Countdown Dilemma Series: How do we get the world off fossil fuels?,Unknown,March 2023,6652,90,https://www.youtube.com/watch?v=ZUsZ5t1Jnxc
"The Unexpected Key to Boosting Your Productivity | The Way We Work, a TED series",Unknown,March 2023,150742,2786,https://www.youtube.com/watch?v=T4CB5RPbtCk
How Do We Get the World Off Fossil Fuels Quickly and Fairly? | TED Countdown Dilemma Series,Unknown,March 2023,28518,628,https://www.youtube.com/watch?v=WqGNZmUoK-8
How to Keep Your Hometown from Becoming a Ghost Town,John Paget,March 2023,38213,634,https://www.youtube.com/watch?v=xEut3UavWfk
What Happens to Gas Stations When the World Goes Electric?,Emily Grubert,March 2023,44308,921,https://www.youtube.com/watch?v=FQQE3rB8Uc0
"How to Calm Your Anxiety, From a Neuroscientist | The Way We Work, a TED series",Unknown,March 2023,480047,17474,https://www.youtube.com/watch?v=FpiWSFcL3-c
3 Skills Every Middle School Boy Needs,Jerome Hunter,March 2023,44455,1238,https://www.youtube.com/watch?v=xFHIAwdI72Y
The Surprising Psychology Behind Your Urge to Break the Rules,Paul Bloom,March 2023,99321,2441,https://www.youtube.com/watch?v=gdJwW-NhObU
Who Owns the Internet of the Future?,Ordinary Things,March 2023,62861,1662,https://www.youtube.com/watch?v=TOUqiVIuPo0
3 Elements of True Fun — and How to Have More of It,Catherine Price,March 2023,52315,1309,https://www.youtube.com/watch?v=UXElAVBiXXs
"Your 3-Step Guide to Setting Better Boundaries at Work |  The Way We Work, a TED series",Unknown,March 2023,81146,2149,https://www.youtube.com/watch?v=4SCrXqbhmCY
What Will Future Astronauts Eat?,Phnam Bagley,March 2023,26643,683,https://www.youtube.com/watch?v=A0DOlruXVaM
The Clean Energy Hub of the Future,Rebekah Shirley,March 2023,31048,642,https://www.youtube.com/watch?v=g9VFlXF47f0
How Video Games Can Level Up the Way You Learn,Kris Alexander,March 2023,95640,3492,https://www.youtube.com/watch?v=CkFnqGHZ5tA
The Fantastically Weird World of Photosynthetic Sea Slugs,Michael Middlebrooks,March 2023,187935,6745,https://www.youtube.com/watch?v=UVOnUz2BCrA
"How to Be a Team Player — Without Burning Out | The Way We Work, a TED series",Unknown,March 2023,76760,1526,https://www.youtube.com/watch?v=8goi3AD4RWo
What Women Athletes Need to Unlock Their Full Potential,Kate Ackerman,March 2023,35883,583,https://www.youtube.com/watch?v=n-l6qRaT35s
How One Small Idea Led to $1 Million of Paid Water Bills,Tiffani Ashley Bell,March 2023,36513,919,https://www.youtube.com/watch?v=bIBNebXhNuU
What Do Insects Do When Nature Calls?,Saad Bhamla,March 2023,37698,1098,https://www.youtube.com/watch?v=6pGC4j0d1Fc
"Ancient Pompeii’s Hidden Messages, Preserved in Graffiti",Jacqueline DiBiasie-Sammons,March 2023,47920,867,https://www.youtube.com/watch?v=0OuURF5_5Pw
"How to Quit Your Job — Without Ruining Your Career | The Way We Work, a TED series",Unknown,March 2023,109788,2306,https://www.youtube.com/watch?v=Rw7TWQ-Rt2Q
The Surprising Climate Benefits of Sharing Your Stuff,Tessa Clarke,February 2023,40291,870,https://www.youtube.com/watch?v=6DRMrFMNXCc
4 Proven Ways to Kick Your Procrastination Habit,Ayelet Fishbach,February 2023,71952,1625,https://www.youtube.com/watch?v=tB5J9qgM2zI
The Massive Machines Removing Carbon from Earth's Atmosphere,Jan Wurzbacher,February 2023,118722,2777,https://www.youtube.com/watch?v=T6WSy0FdBdU
"The Truth About ""The Zone"" (with Steph Curry) | Good Sport, a TED Audio Collective",Unknown,February 2023,35563,524,https://www.youtube.com/watch?v=7tSP1M052Sg
3 Steps To Help Kids Process Traumatic Events,Kristen Nguyen,February 2023,48492,906,https://www.youtube.com/watch?v=NSJKi4eWO8s
How Everyday Interactions Shape Your Future,Mesmin Destin,February 2023,142489,2830,https://www.youtube.com/watch?v=RLESBHduKBs
What If Buildings Created Energy Instead of Consuming It?,Ksenia Petrichenko,February 2023,93124,1747,https://www.youtube.com/watch?v=oYsDNpi_qPQ
5 Values for Repairing the Harms of Colonialism,Jing Corpuz,February 2023,30964,827,https://www.youtube.com/watch?v=mshEFTm3beM
3 Steps of Anxiety Overload — and How You Can Take Back Control,Lisa Damour,February 2023,77527,1963,https://www.youtube.com/watch?v=oITW0XsZd3o
The Nostalgia Behind Your Favorite Chinese Food,Vincent Yeow Lim,February 2023,50919,1372,https://www.youtube.com/watch?v=8ptow8qPeMk
A For-Profit Mindset for Nonprofit Success,Tolu Oyekan,February 2023,44950,801,https://www.youtube.com/watch?v=SCTBLRtnt1s
How to Participate in Your Own Legal Defense,Lam Ho,February 2023,36659,790,https://www.youtube.com/watch?v=ej-jE2o1wjQ
Is Democracy Doomed? The Global Fight for Our Future,Timothy Snyder,February 2023,164509,5072,https://www.youtube.com/watch?v=YY6LCOJbve8
How to Recognize Privilege — and Uplift Those Without It,Mariam Veiszadeh,February 2023,49718,1013,https://www.youtube.com/watch?v=_rpPyQkjc3I
Could Fungi Actually Be the Key to Humanity’s Survival?,David Andrew Quist,February 2023,61121,1466,https://www.youtube.com/watch?v=rfmDJzBorE0
The Secret to Making New Friends as an Adult,Marisa G. Franco,February 2023,126291,3100,https://www.youtube.com/watch?v=-k0p-DYYZKU
How Black Queer Culture Shaped History,Channing Gerard Joseph,February 2023,50162,1498,https://www.youtube.com/watch?v=0YT3feUhR44
The Fairy Tales of the Fossil Fuel Industry — and a Better Climate Story,Luisa Neubauer,February 2023,154715,5597,https://www.youtube.com/watch?v=wL8X31XWZW8
The Sustainable Brilliance of Indigenous Design,Manu Peni,January 2023,32776,854,https://www.youtube.com/watch?v=DqwzKPZK8AU
"The Ecstasy of Eskista, an Ancient Ethiopian Dance",Melaku Belay,January 2023,48761,694,https://www.youtube.com/watch?v=yJ1uGfCWIt0
Hidden Connections That Transcend Borders and Defy Stereotypes,Aparna Bharadwaj,January 2023,44508,847,https://www.youtube.com/watch?v=n1fL-EdTsTI
"7 New Species of Robot That Jump, Dance – and Walk on Water",Dennis Hong,January 2023,79960,1299,https://www.youtube.com/watch?v=yLxfPG_Ay_0
A Socialist Perspective on the Pursuit of Happiness,Aaron Bastani,January 2023,80852,2096,https://www.youtube.com/watch?v=M6aq2SH-xVo
The One Question Every Aspiring Leader Needs To Ask,Constance Hockaday,January 2023,51381,1039,https://www.youtube.com/watch?v=uCk3nRviOHw
How to Harness the Ancient Partnership between Forests and Fungi,Colin Averill,January 2023,35181,735,https://www.youtube.com/watch?v=qN8vzlcYAE8
Where Does Your Sense of Self Come From? A Scientific Look,Anil Ananthaswamy,January 2023,90607,1959,https://www.youtube.com/watch?v=EBWXaO56KmU
Why Nurses Are Key to Medical Innovation,Ben Gran,January 2023,57085,1124,https://www.youtube.com/watch?v=lKJEX-mrowo
Can We Feed Ourselves without Devouring the Planet?,George Monbiot,January 2023,64210,1929,https://www.youtube.com/watch?v=SK3z5H_Rfr0
The Habit That Could Improve Your Career,Paul Catchlove,January 2023,403214,6067,https://www.youtube.com/watch?v=NcKLNP8x_QA
The Internet's Accessibility Problem — and How To Fix It,Clive Loseby,January 2023,44037,872,https://www.youtube.com/watch?v=QWPWgaDqbZI
How Bad Data Traps People in the US Justice System,Clementine Jacoby,January 2023,43754,1062,https://www.youtube.com/watch?v=X1RBhX1esq8
How to Design Climate-Resilient Buildings,Alyssa-Amor Gibbons,January 2023,43858,996,https://www.youtube.com/watch?v=BEBKC7Hqfr0
[Trailer] TED Countdown Dilemma Series: Is there a role for carbon credits in a net zero future?,Unknown,January 2023,6222,72,https://www.youtube.com/watch?v=PuCOipexTsw
What the Discovery of Exoplanets Reveals About the Universe,Jessie Christiansen,January 2023,44672,1443,https://www.youtube.com/watch?v=BGiI34k4gzQ
Africa's Path to Clean Mobility -- Driven by Motorcycles,Adetayo Bamiduro,January 2023,26913,606,https://www.youtube.com/watch?v=YIgv0KMzjvk
The Secret to a Happy Life — Lessons from 8 Decades of Research,Robert Waldinger,January 2023,1013698,19613,https://www.youtube.com/watch?v=IStsehNAOL8
The Board Game Getting Kids Excited About School,Joel Baraka,January 2023,28739,738,https://www.youtube.com/watch?v=9mfir8F2lpE
How Millennials and Gen Z Can Invest in a Better Future,Miguel Goncalves,January 2023,84074,1141,https://www.youtube.com/watch?v=tHbUxeDEjUQ
5 Hiring Tips Every Company (and Job Seeker) Should Know,Nithya Vaduganathan,January 2023,68111,1361,https://www.youtube.com/watch?v=NA_u3MVvvWM
How to Do Laundry When You're Depressed,KC Davis,January 2023,86805,3771,https://www.youtube.com/watch?v=kqItMybTKTo
Can the Metaverse Bring Us Closer to Wildlife?,Gautam Shah,January 2023,46886,762,https://www.youtube.com/watch?v=GRKIRE45JO0
Whose Land Are You On? What to Know About the Indigenous Land Back Movement | Lindsey Schneider |TED,Unknown,January 2023,53662,1236,https://www.youtube.com/watch?v=kADwVHIP8zs
Are Insect Brains the Secret to Great AI?,Frances S. Chance,January 2023,70760,1833,https://www.youtube.com/watch?v=_IfgmR5imNs
Are Video Calls the Best We Can Do in the Age of the Metaverse?,Josephine Eyre,December 2022,41728,677,https://www.youtube.com/watch?v=F9XB29JfKYo
How Play Helps a Kid’s Brain Grow,Jesse Ilhardt,December 2022,71174,1485,https://www.youtube.com/watch?v=61yMFm40lIA
How Indigenous Guardians Protect the Planet and Humanity,Valérie Courtois,December 2022,40059,947,https://www.youtube.com/watch?v=8WmrJTyWydw
A Creative Approach to Community Climate Action,Xavier Cortada,December 2022,34375,608,https://www.youtube.com/watch?v=iYd60LgRCro
How Great Leaders Take On Uncertainty,Anjali Sud and Stephanie Mehta,December 2022,58641,1024,https://www.youtube.com/watch?v=UGdLvGbpehQ
A Disability-Inclusive Future of Work,Ryan Gersava,December 2022,33969,819,https://www.youtube.com/watch?v=g7LICU-v_TM
The Billion-Dollar Pollution Solution Humanity Needs Right Now,Stacy Kauk,December 2022,44682,731,https://www.youtube.com/watch?v=IGIT-vENgaQ
How to Tap into Your Awareness,Yongey Mingyur Rinpoche,December 2022,1038013,32161,https://www.youtube.com/watch?v=LDVyOnf0t9M
Why People Love Watching Sports,Kate Fagan,December 2022,52528,828,https://www.youtube.com/watch?v=3x3X6HELtog
3 Steps to Build Peace and Create Meaningful Change,Georgette Bennet,December 2022,80141,1347,https://www.youtube.com/watch?v=SixQ6cTzYaI
A Colorful Case for Outside-the-Box Thinking on Identity,Olivia Vinckier,December 2022,41821,1005,https://www.youtube.com/watch?v=T7WcwE0q8UQ
The Wheat Field That Could Change the World,Guntur V. Subbarao,December 2022,23984,542,https://www.youtube.com/watch?v=hVyYilPj5Sc
How Can We Escape Soaring Energy Bills? Stop Using Fossil Fuels,Tessa Khan,December 2022,41522,795,https://www.youtube.com/watch?v=eucTQXM4ymE
What a Living Whale Is Worth -- and Why the Economy Should Protect Nature,Ralph Chami,December 2022,56887,1266,https://www.youtube.com/watch?v=rwigf0C6zxM
Demystifying the Wild World of Crypto,Laura Shin,December 2022,25982,372,https://www.youtube.com/watch?v=pVZzgzYZdCA
Why You Feel Anxious Socializing (and What to Do about It),Fallon Goodman,December 2022,210531,4719,https://www.youtube.com/watch?v=RqAOrr_FPxo
"Great Leadership Is a Network, Not a Hierarchy",Gitte Frederiksen,December 2022,158770,2512,https://www.youtube.com/watch?v=tZ7ySrDVqOs
Why Joy Is a State of Mind,Angélique Kidjo,December 2022,41932,1094,https://www.youtube.com/watch?v=uh3aQ_vCs6U
How Global Virtual Communities Can Help Kids Achieve Their Dreams,Matthew Garcia,December 2022,34280,695,https://www.youtube.com/watch?v=lRx8ocxmmDI
"""Kilamu"" / ""Ama Aje"" / ""Jam Now, Simmer Down"" / ""Dracula""",Blinky Bill,December 2022,22772,376,https://www.youtube.com/watch?v=5mMtAWzcWGE
Meet the Mysterious “Monsters” of the Deep Sea,Alan Jamieson,December 2022,75498,1992,https://www.youtube.com/watch?v=Cz9w0sx-_rs
How to Tackle the Stigma of Living with HIV,Gareth Thomas,December 2022,35681,763,https://www.youtube.com/watch?v=gjWPw3NHbvA
AI-Generated Creatures That Stretch the Boundaries of Imagination,Sofia Crespo,November 2022,44613,1037,https://www.youtube.com/watch?v=80LCWXh4FfM
The Fight for Freedom in Iran and Ukraine,Christiane Amanpour,November 2022,32193,675,https://www.youtube.com/watch?v=hBJo_qRDnw8
The Global Opportunity to Accelerate Africa's Sustainable Future,Vanessa Nakate,November 2022,25414,526,https://www.youtube.com/watch?v=anE2XRcnNk0
The Future of Machines That Move like Animals,Robert Katzschmann,November 2022,63961,1353,https://www.youtube.com/watch?v=xD1ElRT-Sb0
An Indigenous Perspective on Humanity’s Survival on Earth,Jupta Itoewaki,November 2022,43915,1303,https://www.youtube.com/watch?v=w19lJjCASJg
How Vaccines Are Developed – and Why They’re Safe,Body Stuff with Dr. Jen Gunter,November 2022,103330,1916,https://www.youtube.com/watch?v=MTW3U-O1nZo
A Moral Blueprint for Reimagining Capitalism,Manish Bhardwaj,November 2022,39113,896,https://www.youtube.com/watch?v=Cxm1JbeG2tI
The Truth About Faking Orgasms,Karen Gurney,November 2022,59582,1594,https://www.youtube.com/watch?v=H6DnmEFrIos
4 Ways To Design a Disability-Friendly Future,Meghan Hussey,November 2022,51418,1192,https://www.youtube.com/watch?v=ucEZ9KOqOqs
The Danger and Devotion of Fighting for Women in Afghanistan,Tamana Ayazi,November 2022,22580,439,https://www.youtube.com/watch?v=eDPmvxtbC10
How to Find Your Voice for Climate Action,Fehinti Balogun,November 2022,28400,803,https://www.youtube.com/watch?v=uKzmhuqGbw0
5 Things You Should Know About Back Pain,Body Stuff with Dr. Jen Gunter,November 2022,115159,3419,https://www.youtube.com/watch?v=j94q-jjVpaY
How to Outthink Your Competition -- with a Lesson from Sports,Rasmus Ankersen,November 2022,78403,2062,https://www.youtube.com/watch?v=FaLBcSMVVuU
We Need Leaders Who Boldly Champion Inclusion,June Sarpong,November 2022,35227,700,https://www.youtube.com/watch?v=jKjSr12d-GQ
A Virus-Resistant Organism -- and What It Could Mean for the Future,Jason W. Chin,November 2022,43037,1128,https://www.youtube.com/watch?v=aooScY6qr20
Reese Witherspoon on Impostor Syndrome | Excerpt from ReThinking with Adam Grant,Unknown,November 2022,63992,1196,https://www.youtube.com/watch?v=jRJ7S2-9Hkw
The Marvels and Mysteries Revealed by the James Webb Space Telescope | Heidi Hammel and Nadia Drake,Unknown,November 2022,46289,1078,https://www.youtube.com/watch?v=SThQy3S1hnk
The Truth about Yeast in Your Body,Body Stuff with Dr. Jen Gunter,November 2022,91467,1765,https://www.youtube.com/watch?v=lOEJOv-jeLY
What You Can Learn from People Who Disagree With You,Shreya Joshi,November 2022,303536,5805,https://www.youtube.com/watch?v=71aysTMMNw4
5 Lessons on Building an Emissions-Free City,Heidi Sørensen,November 2022,26874,520,https://www.youtube.com/watch?v=4BFL4MCnZg8
Is there a role for carbon credits in a just transition to net zero? | TED Countdown Dilemma Series,Unknown,November 2022,28827,429,https://www.youtube.com/watch?v=pXesBkHNLvw
How to Squeeze All the Juice Out of Retirement,Riley Moynes,November 2022,72760,1568,https://www.youtube.com/watch?v=JH_Pa1hOEVc
How to Transform Your Climate Concern into Action,Jane Fonda,November 2022,30173,615,https://www.youtube.com/watch?v=zihlv2nHEAw
Do You Really Need 8 Hours of Sleep Every Night?,Body Stuff with Dr. Jen Gunter,November 2022,2728194,78984,https://www.youtube.com/watch?v=fQUeDdaVoWo
A Carbon-Free Future Starts With Driving Less,Wayne Ting,November 2022,72066,1314,https://www.youtube.com/watch?v=7INMrxpc7nw
The Secret Ingredients of Great Hospitality,Will Guidara,October 2022,342207,7028,https://www.youtube.com/watch?v=bwcyXcOpWVs
A New Social Contract for Global Climate Justice,Huma Yusuf,October 2022,54357,1131,https://www.youtube.com/watch?v=SxK5qD8sNL4
Climate Action’s Hidden Opportunities for Women,Zineb Sqalli,October 2022,40464,876,https://www.youtube.com/watch?v=P6jll4ALcYk
What You Should Know About Opioids and Painkillers,Body Stuff with Dr. Jen Gunter,October 2022,92831,1930,https://www.youtube.com/watch?v=UhssmfRXYZI
Amazon’s Commitment to Run on 100-Percent Renewable Energy,Chris Roe,October 2022,46767,722,https://www.youtube.com/watch?v=fpkjwHsszlE
You Don’t Actually Know What Your Future Self Wants,Shankar Vedantam,October 2022,1407937,32991,https://www.youtube.com/watch?v=dtfaccGmCCs
"Lasting Conservation, Led by Indigenous Heritage",Adjany Costa,October 2022,35883,721,https://www.youtube.com/watch?v=9E1SLTvngEw
How Gaming Can Be a Force for Good,Noah Raford,October 2022,81367,1981,https://www.youtube.com/watch?v=XdqV66m7Los
What's a Food Allergy -- and What's Not?,Body Stuff with Dr. Jen Gunter,October 2022,136300,2906,https://www.youtube.com/watch?v=8GxhiuN_bY0
The Next Wave of Innovation in Freight,Oren Zaslansky,October 2022,55714,1060,https://www.youtube.com/watch?v=1VA4rIkpSp8
How to Revitalize a Neighborhood -- Without Gentrification,Bree Jones,October 2022,48853,1368,https://www.youtube.com/watch?v=cNyH_RBpt7s
How AI Could Empower Any Business,Andrew Ng,October 2022,904097,20454,https://www.youtube.com/watch?v=reUZRyXxUs4
"Can Exercise Actually ""Boost"" Your Metabolism?",Body Stuff with Dr. Jen Gunter,October 2022,258568,7225,https://www.youtube.com/watch?v=_X834O9MaCM
The Online Community Supporting Queer Africans,Okong'o Kinyanjui,October 2022,17644,398,https://www.youtube.com/watch?v=_pEljpACtJw
The Benefits of Not Being a Jerk to Yourself,Dan Harris,October 2022,472920,14236,https://www.youtube.com/watch?v=NuhIzO57HVk
Work Is Not Your Family,Gloria Chan Packer,October 2022,196277,5096,https://www.youtube.com/watch?v=aXPz0GIERow
"5 Parenting Tips for Raising Resilient, Self-Reliant Kids",Tameka Montgomery,October 2022,218369,3545,https://www.youtube.com/watch?v=g-VIRvqsA9w
How Your Sense of Smell Helps You Savor Flavor,Body Stuff with Dr. Jen Gunter,October 2022,87770,1836,https://www.youtube.com/watch?v=3NFTa9kTVRU
How to Build for Human Life on Mars,Melodie Yashar,October 2022,76011,1965,https://www.youtube.com/watch?v=3CFyHtObLXk
Is There a Link Between Cancer and Heart Disease?,Nicholas Leeper,October 2022,62958,1298,https://www.youtube.com/watch?v=EQQqGlFL_is
You Don't Have to Leave Your Neighborhood to Live in a Better One,Majora Carter,September 2022,62689,1296,https://www.youtube.com/watch?v=igwefSU5aDs
How to Lead in the New Era of Employee Activism,Megan Reitz,September 2022,42138,822,https://www.youtube.com/watch?v=HFKmpyf9ucQ
"The Affordable, 3D-Printed Bionics of the Future",Enzo Romero,September 2022,43069,1232,https://www.youtube.com/watch?v=Zhtl4Ava1fQ
Your Invitation to Disrupt Philanthropy,Sara Lomelin,September 2022,40116,854,https://www.youtube.com/watch?v=ddJvVf1eqwM
"A Giant Jurassic Sea Dragon, Unearthed",Dean R. Lomax,September 2022,51623,1341,https://www.youtube.com/watch?v=O0CsyfiQr34
How Dance Can Unleash Your Inner Joy,Ryan Heffington,September 2022,58957,1722,https://www.youtube.com/watch?v=ZHhmi2bS0hU
Dr. Anthony Fauci: Is the pandemic actually over? It's complicated | TED,Unknown,September 2022,64171,1259,https://www.youtube.com/watch?v=iLc27nj8KrU
The Shift We Need to Stop Mass Surveillance,Albert Fox Cahn,September 2022,42748,1149,https://www.youtube.com/watch?v=hVclObff6fc
The Bias behind Your Undiagnosed Chronic Pain,Sheetal DeCaria,September 2022,52309,1486,https://www.youtube.com/watch?v=H-vvS1zonI0
Nuclear Power Is Our Best Hope to Ditch Fossil Fuels,Isabelle Boemeke,September 2022,147502,5482,https://www.youtube.com/watch?v=ESAaz9v4mSU
The Trick to Regaining Your Childlike Wonder,Zach King,September 2022,186971,7880,https://www.youtube.com/watch?v=CrGpipgcfi4
Why the Price of Insulin is a Danger to Diabetics,Brooke Bennett,September 2022,114782,1063,https://www.youtube.com/watch?v=oQ1FDFMdYjM
How Green Hydrogen Could End The Fossil Fuel Era,Vaitea Cowan,September 2022,232416,5654,https://www.youtube.com/watch?v=9OLxBvLvCoM
Everyone can participate in building the metaverse,Sutu,September 2022,50727,1133,https://www.youtube.com/watch?v=441nwncPN28
How to Transform the Chemical Industry -- One Reaction at a Time,Miguel A. Modestino,September 2022,43926,844,https://www.youtube.com/watch?v=YddEiDSuOrY
"The Colorful, Shapeshifting Wonder of the Amazon's Praying Mantises",Leo Lanna and Lvcas Fiat,September 2022,45328,1103,https://www.youtube.com/watch?v=OlgcaYAO5VM
What if You Could Sing in Your Favorite Musician's Voice?,Holly Herndon,September 2022,113811,3033,https://www.youtube.com/watch?v=5cbCYwgQkTE
How to Build an Equitable and Just Climate Future,Peggy Shepard,September 2022,39688,788,https://www.youtube.com/watch?v=j-rw3x8VZxA
The Most Powerful Yet Overlooked Resource in Schools,Heejae Lim,September 2022,70415,1763,https://www.youtube.com/watch?v=abF_EfprTIE
What Capitalism Gets Right – and Governments Get Wrong,Katherine Mangu-Ward,September 2022,84557,2175,https://www.youtube.com/watch?v=9XGm_uHit5g
My 105 Days in Taliban Prison -- and a Call to Aid Afghanistan,Safi Rauf,September 2022,61515,1122,https://www.youtube.com/watch?v=uEATpbQ9md4
Is Humanity Smart Enough to Survive Itself?,Jeanette Winterson,September 2022,71906,2134,https://www.youtube.com/watch?v=KYK6Tfb0snQ
The US Can Move past Immigration Prisons – and towards Justice | César Cuauhtémoc García Hernández,Unknown,August 2022,28600,563,https://www.youtube.com/watch?v=mYS2CcIdW1M
How to Stop the Metaverse from Becoming the Internet's Bad Sequel,Micaela Mantegna,August 2022,68013,1381,https://www.youtube.com/watch?v=OYv1dIle47U
How We're Reverse Engineering the Human Brain in the Lab,Sergiu P. Pasca,August 2022,136260,5501,https://www.youtube.com/watch?v=ABmRCdnVq3E
"""Once There Was III"" -- A Mesmerizing Blend of Dance, Animation and Tech",Nina McNeely,August 2022,38458,899,https://www.youtube.com/watch?v=KuXvFAZZlZg
The Problem with Plastics,Patricia Villarrubia-Gómez,August 2022,70477,1709,https://www.youtube.com/watch?v=3RxBIu-cd_Y
How Schools Can Nurture Every Student's Genius,Trish Millines Dziko,August 2022,72944,1825,https://www.youtube.com/watch?v=SUDMIA23_5s
Intelligent Floating Machines Inspired by Nature,Anicka Yi,August 2022,58137,1768,https://www.youtube.com/watch?v=HtGGg7J5z-A
How to Write Less but Say More,Jim VandeHei,August 2022,124864,3558,https://www.youtube.com/watch?v=v6BmurUpiN0
The Blind Spots of the Green Energy Transition,Olivia Lazard,August 2022,271547,7058,https://www.youtube.com/watch?v=za6dE5JrNB0
"""The Woman in the Arena""",Gina Chavez,August 2022,24543,430,https://www.youtube.com/watch?v=oST05EBK3aI
The Humans at the Center of the US Immigration Debate,Ali Noorani,August 2022,32072,616,https://www.youtube.com/watch?v=jjyghcrVoRo
A Photographic Journey through the Taliban's Takeover of Afghanistan,Kiana Hayeri,August 2022,41861,1137,https://www.youtube.com/watch?v=PYXpQv2ITBg
The Hidden Wonders of Soil,Jane Zelikova,August 2022,67624,1788,https://www.youtube.com/watch?v=19zJCO1VBj4
"The Profound Power of Gratitude and ""Living Eulogies""",Andrea Driessen,August 2022,61056,1779,https://www.youtube.com/watch?v=CaqaMwfYk_4
Chanda Prescod-Weinstein Connects History to the Stars | The TED Interview,Unknown,August 2022,31839,486,https://www.youtube.com/watch?v=7x21HAC2gnA
Yuval Noah Harari Reveals the Real Dangers Ahead | The TED Interview,Unknown,August 2022,430488,8045,https://www.youtube.com/watch?v=w7DohVZS5Yo
Anxious? Blame the Winds!,Far Flung with Saleem Reshamwala,August 2022,51226,658,https://www.youtube.com/watch?v=V3olkIREPU4
The Secret Somali Mixtapes,Far Flung with Saleem Reshamwala,August 2022,38330,663,https://www.youtube.com/watch?v=lLBcszlV1xc
Where on Earth Will People Live in the Future?,Parag Khanna,July 2022,75659,1696,https://www.youtube.com/watch?v=MSevAi_YarQ
Could a DAO Build the Next Great City?,Scott Fitsimones,July 2022,82410,2052,https://www.youtube.com/watch?v=zTStDvUtQWc
The Future of Fashion – Made from Mushrooms,Dan Widmaier,July 2022,108099,4261,https://www.youtube.com/watch?v=OcdumFcGdfU
A New Understanding of Human History and the Roots of Inequality,David Wengrow,July 2022,395606,9592,https://www.youtube.com/watch?v=8SJi0sHrEI4
The Eco-Creators Helping the Climate Through Social Media,Zahra Biabani,July 2022,55868,1223,https://www.youtube.com/watch?v=FdbJHeqQh00
How Hip-Hop Can Make Climate Action Cool,"Samir Ibrahim, MyVerse and Kristen Warren",July 2022,33392,752,https://www.youtube.com/watch?v=atQtlbO6D2Y
Why Having Fun Is the Secret to a Healthier Life,Catherine Price,July 2022,2356522,46405,https://www.youtube.com/watch?v=iMBJrvEwv8s
The Mission to Safeguard Black History in the US,Julieanna L. Richardson,July 2022,30792,795,https://www.youtube.com/watch?v=I-sKZBcLKP4
Stories of Photographing Monumental People (from Michelle Obama to Stephen Hawking),Platon,July 2022,42817,1358,https://www.youtube.com/watch?v=rE_SxmltgmA
A 3-Part Plan to Take On Extreme Heat Waves,Eleni Myrivili,July 2022,65278,1522,https://www.youtube.com/watch?v=WaKrPDso808
Africa's Great Carbon Valley -- and How to End Energy Poverty,James Irungu Mwangi,July 2022,54259,1289,https://www.youtube.com/watch?v=CzGu9bP07i0
What Happens to People's Donated Eggs and Sperm After They Die?,Ellen Trachman,July 2022,64733,1635,https://www.youtube.com/watch?v=aFR3-ERg9u8
How We Could Solve the Dark Matter Mystery,Chanda Prescod-Weinstein,July 2022,82975,2147,https://www.youtube.com/watch?v=h6pHoIT-CkM
5 Ethical Principles for Digitizing Humanitarian Aid,Aarathi Krishnan,July 2022,35059,813,https://www.youtube.com/watch?v=Ix8Cz-veat4
A Sci-Fi Story of Earth's Renewal,Vandana Singh,July 2022,39529,846,https://www.youtube.com/watch?v=WlItCBR45nY
The Brain Science (and Benefits) of ASMR,Craig Richard,July 2022,117867,3189,https://www.youtube.com/watch?v=Yukt7O1wDXc
How Ethics Can Help You Make Better Decisions,Michael Schur,July 2022,286972,6100,https://www.youtube.com/watch?v=BAswj8evFZk
The Case for Radically Human Buildings,Thomas Heatherwick,July 2022,281438,9241,https://www.youtube.com/watch?v=bhb0P5GGpys
How to Alter the Perception of Mental Health Care in Russia,Olga Kitaina,July 2022,53269,1435,https://www.youtube.com/watch?v=2ExxafHHdhM
An Interdimensional Performance of Imagination,Particle Ink,July 2022,43841,1187,https://www.youtube.com/watch?v=GPz2hDvjkX4
How Data-Driven Journalism Illuminates Patterns of Injustice,Alison Killing,July 2022,60569,1523,https://www.youtube.com/watch?v=EBQO5GegfPA
The Secret to Mastering Life's Biggest Transitions,Bruce Feiler,June 2022,179621,4392,https://www.youtube.com/watch?v=ICxYOe54Zx4
The Mindset Shift Needed to Tackle Big Global Challenges,Bernhard Kowatsch,June 2022,51449,1249,https://www.youtube.com/watch?v=MgM8MGEikDY
What Wikipedia Teaches Us About Balancing Truth and Beliefs,Katherine Maher,June 2022,132320,2662,https://www.youtube.com/watch?v=r2gsj0EEE3I
JR: Can Art Change the World? | TED,Unknown,June 2022,89565,3607,https://www.youtube.com/watch?v=2fY-iSzbls8
SpaceX's Supersized Starship Rocket and the Future of Galactic Exploration,Jennifer Heldmann,June 2022,428736,13144,https://www.youtube.com/watch?v=Li7PsYiwxVc
Why Bittersweet Emotions Underscore Life's Beauty,Susan Cain,June 2022,47504,1139,https://www.youtube.com/watch?v=ZTg54BbjJfA
The Relationship Between Sex and Imagination,Gina Gutierrez,June 2022,168666,2993,https://www.youtube.com/watch?v=Z9zNFDR-OTU
How to Find Joy in Climate Action,Ayana Elizabeth Johnson,June 2022,75399,1635,https://www.youtube.com/watch?v=VsOJR40M0as
How Great Leaders Innovate Responsibly,Ken Chenault,June 2022,65596,1265,https://www.youtube.com/watch?v=H_rsxmtfKr0
A Second Chance for Fathers to Connect with Their Kids,"Charles C. Daniels, Jr.",June 2022,53180,1533,https://www.youtube.com/watch?v=CL_HC2PJnho
Yuval Noah Harari: The Actual Cost of Preventing Climate Breakdown | TED,Unknown,June 2022,210832,8186,https://www.youtube.com/watch?v=SiCvGQnweAg
How Labor Unions Shape Society,Margaret Levi,June 2022,51696,1201,https://www.youtube.com/watch?v=tz-DaaAKriE
How Black Girls Can Reclaim Their Voice in Music,Kyra Gaunt,June 2022,26843,661,https://www.youtube.com/watch?v=4w0eAxciEVY
3 Ways to Make Flying More Climate-Friendly,Ryah Whalen,June 2022,58729,1359,https://www.youtube.com/watch?v=JY-_GRi56KQ
"How a ""Hi Level"" Mindset Helps You Realize Your Potential",Cordae,June 2022,2670451,110195,https://www.youtube.com/watch?v=x9Ezzxy0frA
Humanity's Search for Cosmic Truth and Poetic Beauty,Maria Popova,June 2022,67004,1532,https://www.youtube.com/watch?v=oVTuJzDmyd4
"Esports, Virtual Formula 1 and the New Era of Play",James Hodge,June 2022,45933,1244,https://www.youtube.com/watch?v=DVO0KOHA614
The Real Reason You Feel So Busy (and What To Do About It),Dorie Clark,June 2022,169762,4016,https://www.youtube.com/watch?v=dr1-fPkTxZM
Why Africa Needs Community-Led Conservation,Resson Kantai Duff,June 2022,38805,1080,https://www.youtube.com/watch?v=sJa2wPfid-U
Bryce Dallas Howard: How to Preserve Your Private Life in the Age of Social Media | TED,Unknown,June 2022,170325,5416,https://www.youtube.com/watch?v=G-lWWxJPfFo
The Awesome Potential of Many Metaverses,Agnes Larsson,June 2022,105327,3863,https://www.youtube.com/watch?v=IBsSUVIwupQ
A Brain Implant That Turns Your Thoughts Into Text,Tom Oxley,June 2022,195426,5859,https://www.youtube.com/watch?v=7Fiaew7nDmE
The Crime-Fighting Power of Cross-Border Investigative Journalism,Bektour Iskender,June 2022,28653,811,https://www.youtube.com/watch?v=inf4-ZpqPMU
How to Stop Banks from Investing in Fossil Fuels,Lucie Pinson,May 2022,41109,1087,https://www.youtube.com/watch?v=ktsuKyzihjU
My Long Walk Across India for Women's Freedom,Srishti Bakshi,May 2022,46414,1493,https://www.youtube.com/watch?v=tJtCcm7PUvA
The Future of the Food Ecosystem -- and the Power of Your Plate | Ndidi Okonkwo Nwuneli,Unknown,May 2022,59361,1597,https://www.youtube.com/watch?v=yUCF2D0NQ70
The Restorative Power of Medical Tattoos,Becky Barker,May 2022,46495,1368,https://www.youtube.com/watch?v=dcsrHfPDP2M
The Case for a 4-Day Work Week,Juliet Schor,May 2022,207826,5495,https://www.youtube.com/watch?v=MyVfUaXyyqo
A flavorful field guide to foraging,Alexis Nikole Nelson,May 2022,62600,4348,https://www.youtube.com/watch?v=2yXSQ1BmZFM
The Funding Gap in Start-up Investing,Temie Giwa-Tubosun,May 2022,30391,646,https://www.youtube.com/watch?v=gKZBvEekxvo
How Is Your City Tackling the Climate Crisis?,Marvin Rees,May 2022,36637,787,https://www.youtube.com/watch?v=O8duvJfrjss
Al Gore: This Is the Moment to Take On the Climate Crisis | TED,Unknown,May 2022,116702,3552,https://www.youtube.com/watch?v=XjK61Kkx1zI
Why People and AI Make Good Business Partners,Shervin Khodabandeh,May 2022,51667,1206,https://www.youtube.com/watch?v=1yQYySYN2io
"The Rhythm and Rhyme of Memory, Solitude and Community",Rosanne Cash,May 2022,39901,1020,https://www.youtube.com/watch?v=4fHVTEVJjjc
How to Discover Your Authentic Self -- at Any Age,Bevy Smith,May 2022,2050341,72955,https://www.youtube.com/watch?v=7vqnazqmceQ
The Likability Dilemma for Women Leaders,Robin Hauser,May 2022,106024,2802,https://www.youtube.com/watch?v=T2I4tus05hI
How mRNA Medicine Will Change the World,Melissa J. Moore,May 2022,342765,7964,https://www.youtube.com/watch?v=h5D3mv8ewCY
"A Creator-Led Internet, Built on Blockchain",Adam Mosserri,May 2022,65421,1765,https://www.youtube.com/watch?v=rWTwcySGvrE
5 Promising Factors Propelling Climate Action,Gabriel Kra,May 2022,61386,1268,https://www.youtube.com/watch?v=NYJUgzZYaoo
The 100 Tampons NASA (Almost) Sent To Space -- and Other Absurd Songs,Marcia Belsky,May 2022,67562,1439,https://www.youtube.com/watch?v=G7VxEqJp3NQ
We Could Kick-Start Life on Other Planets. Should We?,Betül Kaçar,May 2022,69116,1731,https://www.youtube.com/watch?v=fCllxq6NZbk
A New Economic Model For Protecting Tropical Forests,Nat Keohane,May 2022,40702,1048,https://www.youtube.com/watch?v=UQbkSDbm4sw
"NFTs, the Metaverse and the Future of Digital Art",Elizabeth Strickler,May 2022,102991,2401,https://www.youtube.com/watch?v=oupHYHv_me0
Live Drawings of the Human Experience,Jarrett J. Krosoczka,May 2022,38181,1044,https://www.youtube.com/watch?v=A2ti4_lNPL8
The Most Powerful Untapped Resource in Health Care,Edith Elliott and Shahed Alam,May 2022,52124,1134,https://www.youtube.com/watch?v=36D2r45jABA
A Bold Plan to Transform Access to the US Social Safety Net,Amanda Renteria,May 2022,35088,,https://www.youtube.com/watch?v=_8g8BnICrco
"A Transparent, Easy Way for Smallholder Farmers to Save",Anushka Ratnayake,May 2022,43996,647,https://www.youtube.com/watch?v=qSr39QPhBc4
An Election Redesign to Restore Trust in US Democracy,Tiana Epps-Johnson,May 2022,38715,897,https://www.youtube.com/watch?v=3itrpciAF4I
Mental Health Care That Disrupts Cycles of Violence,Celina de Sola,May 2022,48717,,https://www.youtube.com/watch?v=lGkh7-xOb3I
Why Indigenous Forest Guardianship is Crucial to Climate Action,Nonette Royo,May 2022,35259,967,https://www.youtube.com/watch?v=YKK7KNiAD2k
How Ancient Arctic Carbon Threatens Everyone on the Planet,Sue Natali,May 2022,118188,,https://www.youtube.com/watch?v=r9lDDetKMi4
A Safe Pathway to Resettlement for Migrants and Refugees,Becca Heller,May 2022,33408,681,https://www.youtube.com/watch?v=HBbBs1ohZtI
How Webtoons Are Changing Movies and TV,Hyeonmi Kim,April 2022,85860,,https://www.youtube.com/watch?v=NBMTc71yrpk
Why All Melodies Should Be Free for Musicians to Use,Damien Riehl,April 2022,51179,,https://www.youtube.com/watch?v=rjpTBHjeZ_0
Powerful Photos That Honor the Lives of Overlooked Women,Smita Sharma,April 2022,32850,,https://www.youtube.com/watch?v=jZSsvUFlCag
"Goats, Blockchain and the Future of Money",Fariel Salahuddin,April 2022,84146,,https://www.youtube.com/watch?v=oRUXsDwgEWA
How the James Webb Space Telescope Will Unfold the Universe,John C. Mather,April 2022,408425,11368,https://www.youtube.com/watch?v=0BSaphO1v-U
We Can Make COVID-19 the Last Pandemic,Bill Gates,April 2022,774919,,https://www.youtube.com/watch?v=B5smctuV7-Q
The Future Will Be Shaped by Optimists,Kevin Kelly,April 2022,165565,4736,https://www.youtube.com/watch?v=FrqBWQ-mVEc
An Olympic Champion's Mindset for Overcoming Fear,Allyson Felix,April 2022,126400,,https://www.youtube.com/watch?v=iIne-UO7wUo
The African Swamp Protecting Earth's Environment,Vera Songwe,April 2022,30713,820,https://www.youtube.com/watch?v=5T2VRY0LECc
Elon Musk: A future worth getting excited about,Tesla Texas Gigafactory interview,April 2022,9280794,172808,https://www.youtube.com/watch?v=YRvf00NooN8
Ukraine's Fight to Keep Educating Its Children,Zoya Lytvyn,April 2022,54178,1719,https://www.youtube.com/watch?v=DJWGBoGmxJE
Why Entrepreneurship Flourishes in The Countryside,Xiaowei R. Wang,April 2022,41392,,https://www.youtube.com/watch?v=jsFAFsx9otw
Stand with Ukraine in the Fight against Evil,Garry Kasparov,April 2022,204789,9946,https://www.youtube.com/watch?v=wDmEPFO_hd0
The Deep Sea's Medicinal Secrets,Sam Afoullouss,April 2022,43525,,https://www.youtube.com/watch?v=zFJH9zUK2mo
Climate Change Isn't a Distant Threat -- It's Our Reality,Selina Neirok Leem,April 2022,77219,,https://www.youtube.com/watch?v=JEMqetu-JCI
3 Things Men Can Do to Promote Gender Equity,Jimmie Briggs,April 2022,49834,,https://www.youtube.com/watch?v=FG6NHP9nV3g
The Power of Purpose in Business,Ashley M. Grice,April 2022,185019,,https://www.youtube.com/watch?v=j4QlG5jKpio
"Are Ad Agencies, PR Firms and Lobbyists Destroying the Climate?",Solitaire Townsend,April 2022,31303,,https://www.youtube.com/watch?v=dQYfflJ4V5Q
The Hidden Power of Sad Songs and Rainy Days,Susan Cain and Min Kym,April 2022,210521,,https://www.youtube.com/watch?v=0G2U0R0hOCU
What It's Like To Be a War Refugee,Zarlasht Halaimzai,April 2022,44497,,https://www.youtube.com/watch?v=p-JeKjsRiVI
Self-Assembling Robots and the Potential of Artificial Evolution,Emma Hart,April 2022,76469,,https://www.youtube.com/watch?v=1Rr-pZoftho
How to Design Mosquitoes Out of Cities,Cameron Webb,March 2022,45168,,https://www.youtube.com/watch?v=pkMIsc_nhQo
3 Lessons on Hope in Challenging Times,Wajahat Ali,March 2022,57962,,https://www.youtube.com/watch?v=bIw5ZLITSfo
The Critical Role of Black Mothers -- and How to Support All Moms,Anna Malaika Tubbs,March 2022,17879,,https://www.youtube.com/watch?v=ue40_irEXgk
What Does a Voice of the Future Sound Like?,Reeps One,March 2022,355562,,https://www.youtube.com/watch?v=zZEfiiCFEKQ
The Creativity and Community Behind Fanfiction,Cecilia Aragon,March 2022,32496,,https://www.youtube.com/watch?v=uXZVfNJ_EXY
How to Share Public Money Fairly,Maja Bosnic,March 2022,46709,,https://www.youtube.com/watch?v=vO5Rio_skIU
Why US Laws Must Expand Beyond the Nuclear Family,Diana Adams,March 2022,48595,,https://www.youtube.com/watch?v=-dtwId4MO-E
3 Ways Your Company's Data Can Jump-Start Climate Action,Massimo Russo,March 2022,29260,,https://www.youtube.com/watch?v=4vYUfKGtJA8
What Seaweed and Cow Burps Have to Do with Climate Change,Ermias Kebreab,March 2022,33894,,https://www.youtube.com/watch?v=fCpKG1QJC14
My Secret to Creating Real Magic,Christina Tosi,March 2022,83501,,https://www.youtube.com/watch?v=NkYk36wpk-4
The Carbonless Fuel That Could Change How We Ship Goods,Maria Gallucci,March 2022,53590,,https://www.youtube.com/watch?v=dvxmn_6o8g0
The Counterintuitive Psychology of Insurance,Orit Tykocinski,March 2022,48664,,https://www.youtube.com/watch?v=G9UEBLcJIRc
"How To Fix The ""Bugs"" In The Net-Zero Code",Lucas Joppa,March 2022,40463,,https://www.youtube.com/watch?v=1oDuK08hrrE
"The ""Greenhouse-in-a-Box"" Empowering Farmers in India",Sathya Raghu Mokkapati,March 2022,57652,,https://www.youtube.com/watch?v=AnIyzhRX9IM
Climate Action Needs New Frontline Leadership,Ozawa Bineshi Albert,March 2022,21466,,https://www.youtube.com/watch?v=CD7iYdtrJfY
Why Is China Appointing Judges to Combat Climate Change?,James K. Thornton,March 2022,86915,,https://www.youtube.com/watch?v=n4QRIKCebSI
The Tragedy of Air Pollution -- and an Urgent Demand for Clean Air | Rosamund Adoo-Kissi-Debrah |TED,Unknown,March 2022,40613,,https://www.youtube.com/watch?v=Pw6R5n9SRng
You Deserve the Right to Repair Your Stuff,Gay Gordan-Byrne,March 2022,54253,,https://www.youtube.com/watch?v=NWQ8y3TksrQ
Why Play Is Essential for Business,Martin Reeves,March 2022,44242,,https://www.youtube.com/watch?v=xJ9qRH2XLUQ
A Sex Therapist's Secret to Rediscovering Your Spark,Ian Kerner,March 2022,72404,,https://www.youtube.com/watch?v=L5rE-Ur9pSI
4 Kinds of Regret – and What They Teach You about Yourself,Daniel H. Pink,March 2022,115098,,https://www.youtube.com/watch?v=cenxg8j-Rc0
How Film Captures the Space Between Hope and Despair,Mounia Akl,March 2022,28045,,https://www.youtube.com/watch?v=ZwmUdFtYbzE
The Ocean's Ingenious Climate Solutions,Susan Ruffo,March 2022,57481,,https://www.youtube.com/watch?v=_VVAu8QsTu8
The Incredible Cancer-Detecting Potential of Photoacoustic Imaging,Lei Li,March 2022,49640,,https://www.youtube.com/watch?v=WHtmgv7eiZk
How Wind Energy Could Power Earth ... 18 Times Over,Dan Jørgensen,March 2022,99386,,https://www.youtube.com/watch?v=adJnm7Yopdo
How to Fix Two of the Most Broken Systems in the US,Nick Turner,March 2022,23773,,https://www.youtube.com/watch?v=I23D7REnuSk
War in Ukraine -- and What It Means for the World Order,Ian Bremmer,March 2022,1665617,,https://www.youtube.com/watch?v=k0Fx6igxRv8
Got Millet? How Marketing Could Improve the Lives of African Farmers,Zoë Karl-Waithaka,March 2022,19811,,https://www.youtube.com/watch?v=NnWhFyFGt74
Sustainable Cooling That Doesn’t Warm the Planet,Rachel Kyte,March 2022,39889,,https://www.youtube.com/watch?v=VTygRN3BqwM
Sex Education Should Start with Consent,Kaz,March 2022,71823,,https://www.youtube.com/watch?v=lDB_1iyJ1iQ
The Mind-Bending Art of Deep Time,Katie Paterson,March 2022,66632,2021,https://www.youtube.com/watch?v=D0f0mXRlYKk
A Different Understanding of American Patriotism,Deval Patrick,March 2022,33104,,https://www.youtube.com/watch?v=EOMvzRZpIOI
4 Ways to Redefine Power at Work to Include Women of Color,Rha Goddess & Deepa Purushothaman,March 2022,29560,,https://www.youtube.com/watch?v=8VcE5KWpc5A
The New Reality of Fashion is Digital,Gala Marija Vrbanic,March 2022,40204,,https://www.youtube.com/watch?v=wD2rhRUYUyA
Could We Treat Alzheimer's with Light and Sound?,Li-Huei Tsai,March 2022,58810,,https://www.youtube.com/watch?v=AS0K0XOMNwA
"""A Seat at the Table"" Isn't the Solution for Gender Equity",Lilly Singh,March 2022,528248,,https://www.youtube.com/watch?v=9EBkS2kE7uk
What You Need to Know About Carbon Removal,Gabrielle Walker,March 2022,86078,,https://www.youtube.com/watch?v=60e6u_1TEIs
"The Unexpected, Underwater Plant Fighting Climate Change",Carlos M. Duarte,March 2022,45436,,https://www.youtube.com/watch?v=N0JtOnCnqaA
How Radical Hospitality Can Change the Lives of the Formerly Incarcerated | Reuben Jonathan Miller,Unknown,March 2022,31414,916,https://www.youtube.com/watch?v=WxPGJhyFIZk
What if Women Built the World They Want to See?,Emily Pilloton-Lam,March 2022,43409,,https://www.youtube.com/watch?v=PveLQRApahs
How to Fix Broken Supply Chains,Dustin Burke,March 2022,95433,,https://www.youtube.com/watch?v=y_EjCSz1aBo
"Dave Matthews: ""Dive In"" | TED Countdown",Unknown,March 2022,28094,,https://www.youtube.com/watch?v=xxhen1IlQ_E
How Comic Strips Create Better Health Care,Sam Hester,March 2022,22289,,https://www.youtube.com/watch?v=fAIJAezZg1A
How to Realistically Decarbonize the Oil and Gas Industry,Bjørn Otto Sverdrup,March 2022,56973,,https://www.youtube.com/watch?v=XNNuwvbR6aA
The War in Ukraine Could Change Everything,Yuval Noah Harari,March 2022,4677975,,https://www.youtube.com/watch?v=yQqthbvYE8M
How Biochar Removes CO2 from the Air -- and Helps Farmers Thrive,Axel Reinaud,March 2022,49583,,https://www.youtube.com/watch?v=uEOK3fk45Rg
"The Creativity, Innovation and Ingenuity Languishing in US Prisons",Brittany K. Barnett,March 2022,25356,643,https://www.youtube.com/watch?v=h_lhfnTO7pI
The Architectural Mastermind Behind Modern Singapore,Liu Thai Ker,March 2022,37017,1253,https://www.youtube.com/watch?v=xnZjtR9z1qA
"What Makes a Job ""Good"" -- and the Case for Investing in People",Warren Valdmanis,February 2022,71168,1590,https://www.youtube.com/watch?v=kWyQNCOow7A
Language Shouldn't Be a Barrier to Climate Action,Sophia Kianni,February 2022,61645,1411,https://www.youtube.com/watch?v=LvNWW_thRC4
How Moms Shape The World,Anna Malaika Tubbs,February 2022,57490,1376,https://www.youtube.com/watch?v=eSwg04B81YM
Why a Free and Fair Internet Is More Vital than Ever,Priscilla Chomba-Kinywa,February 2022,25103,881,https://www.youtube.com/watch?v=dKmHLAKQ5PI
"Use Your Voice, Vote and Wallet for Climate Action",Halla Tómasdóttir,February 2022,27881,515,https://www.youtube.com/watch?v=udhOs50aXts
A King Cobra Bite -- and a Scientific Discovery,Gowri Shankar,February 2022,95744,2445,https://www.youtube.com/watch?v=p8ReF00JP5w
Virginia Smith: The global risk of flooding -- and how to turn the tide | TED,Unknown,February 2022,38559,1013,https://www.youtube.com/watch?v=2LlcUwVcc3o
Jim Hagemann Snabe: Dreams and details for a decarbonized future | TED Countdown,Unknown,February 2022,29415,676,https://www.youtube.com/watch?v=uDt1MhAQcLs
"Karen Lellouche Tordjman: Siri, Alexa, Google ... what comes next? | TED",Unknown,February 2022,59293,1108,https://www.youtube.com/watch?v=06jexFtDCXI
Tom Osborn: A new way to help young people with their mental health | TED,Unknown,February 2022,61788,1687,https://www.youtube.com/watch?v=QL_pN4JtJKc
Vishaan Chakrabarti: A vision of sustainable housing for all of humanity | TED Countdown,Unknown,February 2022,72239,2282,https://www.youtube.com/watch?v=B8kyrIQCFXQ
Peachy Liv: How to protect your mental well-being online -- from a Gen-Zer | TED,Unknown,February 2022,56834,2321,https://www.youtube.com/watch?v=ecGXP4G3Zs0
Jane Velkovski: The life-changing power of assistive technologies | TED,Unknown,February 2022,52418,1660,https://www.youtube.com/watch?v=ItGGGN4jeYE
Nkosilathi Nyathi: A next-generation solution to the climate crisis | TED,Unknown,February 2022,30922,998,https://www.youtube.com/watch?v=n5FnSNCAWjY
Let It Happen: A vibrant dance performance of funk classics | TED Countdown,Unknown,February 2022,153919,,https://www.youtube.com/watch?v=8itpqSocRT4
Elizabeth Zion: The need for family reunification -- to make families whole again | TED,Unknown,February 2022,34994,1084,https://www.youtube.com/watch?v=_liyBrL0LqY
Makhtoum Abdalla: Education is a fundamental right for every child | TED,Unknown,February 2022,24570,702,https://www.youtube.com/watch?v=hVRN1rKq2v8
Adrian K. Haugabrook: 3 ways to lower the barriers to higher education | TED,Unknown,February 2022,36084,888,https://www.youtube.com/watch?v=9mAg3_A6ye8
Dwan Reece: The origins of blackface and Black stereotypes | TED,Unknown,February 2022,25661,,https://www.youtube.com/watch?v=hiWgbXibGSE
Eric Hinterman: How going to Mars improves life on Earth | TED,Unknown,February 2022,40081,1247,https://www.youtube.com/watch?v=dCXCzbyvIR0
Nyra Jordan: 4 steps to hiring fairly -- and supporting criminal justice reform | TED,Unknown,February 2022,16360,365,https://www.youtube.com/watch?v=6nm8D0CkLZ4
Dawn Lippert: Community investment is the missing piece of climate action | TED Countdown,Unknown,February 2022,32722,638,https://www.youtube.com/watch?v=uAU-1lSDTW8
Erin Meezan: What nature can teach us about sustainable business | In The Green,Unknown,February 2022,49025,,https://www.youtube.com/watch?v=TxwGZppT2WA
Christina Costa: How gratitude rewires your brain | TED,Unknown,February 2022,149346,4575,https://www.youtube.com/watch?v=NJerBBTy074
James Rhee: The value of kindness at work | TED,Unknown,February 2022,145285,2867,https://www.youtube.com/watch?v=sRoqDVgFgSw
Shweta Narayan: It's impossible to have healthy people on a sick planet | TED Countdown,Unknown,February 2022,45653,1079,https://www.youtube.com/watch?v=Z0sHRaEhiAQ
Joshua Chu-Tan: The science of preserving sight | TED,Unknown,February 2022,72673,1593,https://www.youtube.com/watch?v=tOurql_a-4g
Jack Dangermond: An ever-evolving map of everything on Earth | TED Countdown,Unknown,February 2022,40435,1060,https://www.youtube.com/watch?v=-BR9P4E7liU
Nemonte Nenquimo: The forest is our teacher. It's time to respect it | TED Countdown,Unknown,February 2022,26170,1066,https://www.youtube.com/watch?v=kZhmuc3L-YI
John Doerr and Ryan Panchadsaram: An action plan for solving the climate crisis | TED Countdown,Unknown,February 2022,49796,982,https://www.youtube.com/watch?v=ZrdgSp-OVpM
Jamil Zaki: How to escape the cynicism trap | TED,Unknown,February 2022,79418,1783,https://www.youtube.com/watch?v=ABHdTi1If0c
Nili Gilbert: The crucial intersection of climate and capital | TED Countdown,Unknown,February 2022,35094,867,https://www.youtube.com/watch?v=e5bRX5U1a_4
Tim Dunn: How we're reducing the climate impact of electronics | In The Green,Unknown,February 2022,47961,,https://www.youtube.com/watch?v=L7vXZ1BnTBI
Derek Sarno: The many reasons to eat a plant-based diet | TED Countdown,Unknown,February 2022,59501,2346,https://www.youtube.com/watch?v=pxeJxyCiOJo
Jane Walsh: The rise of predatory scams -- and how to prevent them | TED,Unknown,February 2022,35724,946,https://www.youtube.com/watch?v=eIRtcspIH4U
Candace Parker: How to break down barriers and not accept limits | TED,Unknown,February 2022,68152,,https://www.youtube.com/watch?v=0jNhhrgczsc
Jennifer Aaker and Naomi Bagdonas: Why great leaders take humor seriously | TED,Unknown,February 2022,92658,,https://www.youtube.com/watch?v=uJKDipbCzdc
Nicola Sturgeon: How small countries can make a big impact on climate change | TED Countdown,Unknown,February 2022,59620,1514,https://www.youtube.com/watch?v=e9hocuNjMqU
Aicha Evans: Your self-driving robotaxi is almost here | TED,Unknown,February 2022,39692,881,https://www.youtube.com/watch?v=H_xc8dvKDu4
Farwiza Farhan: The powerful women on the front lines of climate action | TED Countdown,Unknown,February 2022,27789,777,https://www.youtube.com/watch?v=AgR5Q_3HPvs
Katie McGinty: Smart solutions to decarbonize buildings | In the Green,Unknown,January 2022,76357,,https://www.youtube.com/watch?v=k-duWafgHsY
Larry Irvin: A program to empower Black teachers in the US | TED,Unknown,January 2022,39349,845,https://www.youtube.com/watch?v=01Br0FbRZrg
"Josh Giegel: Super speed, magnetic levitation and the vision behind the hyperloop | TED",Unknown,January 2022,43156,1102,https://www.youtube.com/watch?v=-hRUwrRSSWE
Chibeze Ezekiel: A vision for sustainable energy in Africa | TED Countdown,Unknown,January 2022,32624,978,https://www.youtube.com/watch?v=KJW3sucsJGs
"Naima Penniman: ""Being Human"" | TED Countdown",Unknown,January 2022,42575,1331,https://www.youtube.com/watch?v=VWMXxbNXFEA
Children of Palau: Leave only footprints that will wash away | TED Countdown,Unknown,January 2022,45756,1443,https://www.youtube.com/watch?v=YmpFd8Ikjtc
Gavin McCormick: Tracking the whole world's carbon emissions -- with satellites & AI | TED Countdown,Unknown,January 2022,71052,1988,https://www.youtube.com/watch?v=zaTH7LnyCdE
Coya Paz Brownrigg: The haunting truth of ghost stories | TED,Unknown,January 2022,59661,1602,https://www.youtube.com/watch?v=_P68Vkp-h7c
Karoli Hindriks: Why the passport needs an upgrade | TED,Unknown,January 2022,48282,1240,https://www.youtube.com/watch?v=QuxF2IpOG3U
Rebecca Galemba: How employers steal from workers -- and get away with it | TED,Unknown,January 2022,54131,1464,https://www.youtube.com/watch?v=EuOv0rbPt-A
Hongqiao Liu: Can China achieve its ambitious climate pledges? | TED Countdown,Unknown,January 2022,39556,784,https://www.youtube.com/watch?v=Tf49RWv4vBY
Tzeporah Berman: The bad math of the fossil fuel industry | TED Countdown,Unknown,January 2022,60068,1883,https://www.youtube.com/watch?v=Cz6pXdA4fxQ
Ilissa Ocko: The fastest way to slow climate change now | TED Countdown,Unknown,January 2022,268120,7000,https://www.youtube.com/watch?v=tlWuP7wESZw
"Jenny Scheinman, Nels Cline and Todd Sickafoose: ""A Ride With Polly Jean"" / ""Ali Farka Touche"" | TED",Unknown,January 2022,22056,,https://www.youtube.com/watch?v=aINZwmb5X3A
Trebor Scholz: Stuck in the gig economy? Try platform co-ops instead | TED,Unknown,January 2022,35665,840,https://www.youtube.com/watch?v=4OXhOXULEbA
Jeff Dean: AI isn't as smart as you think -- but it could be | TED,Unknown,January 2022,250983,5676,https://www.youtube.com/watch?v=J-FzHIQ7SOs
"Charlie Puth: ""You and I"" | TED Countdown",Unknown,January 2022,56874,1416,https://www.youtube.com/watch?v=2dLU6bqZe5U
"Charlie Puth: ""Attention"" | TED Countdown",Unknown,January 2022,54849,2138,https://www.youtube.com/watch?v=JL1_j2tdeuk
Pardis Parker: I’m tired of people telling me to “grind” | TED,Unknown,January 2022,92124,,https://www.youtube.com/watch?v=WCFcBd9kxTs
Charlotte Degot: A more accurate way to calculate emissions | TED,Unknown,January 2022,40765,836,https://www.youtube.com/watch?v=rcBu29r6nJM
